model,range,range_m,episode,map,layout,object,object_seen_in_training,kind,instruction,seed,planned_distance_m,initial_bearing_deg,initial_altitude_m,initially_visible,ever_acquired,first_acquisition_step,first_acquisition_s,initial_distance_m,minimum_distance_m,final_distance_m,entered_20m,entered_15m,self_stop,collision,timeout,steps,seconds,search_success,approach_success,task_success,closing_at_end_m,in_view_after_acquisition,times_came_into_view,decisions_in_view,turns_deg,forward_m_per_step_in_view,forward_m_per_step,climbed_m,climb_after_sight_m,nearest_other_m,nearest_other,end,failure_type,mechanism
OFT Gen-v2,L1,40-55,l1-6000-blue_cone-visible,blocks,a,blue_cone,True,visible,Find the blue cone.,6000,41.02,2.46,5.59,True,True,0,0.0,41.0,11.0,11.0,True,True,True,False,False,53,28.3,True,True,True,16.1,0.96,3,51,133,0.566,0.558,0.5,0.5,51.9,red_cube,self_stop,,
OFT Gen-v2,L1,40-55,l1-6001-orange_ball-search,blocks,b,orange_ball,True,search,Approach the orange ball.,6001,47.96,173.19,8.49,False,True,19,9.7,48.0,10.0,10.0,True,True,True,False,False,69,34.2,True,True,True,17.7,1.0,1,50,285,0.788,0.578,0.0,0.0,53.5,blue_cone,self_stop,,
OFT Gen-v2,L1,40-55,l1-6002-red_cube-visible,blocks,a,red_cube,True,visible,Find the red cube.,6002,46.91,-7.02,6.29,True,True,0,0.0,46.9,10.5,10.5,True,True,True,False,False,54,27.2,True,True,True,18.1,0.96,3,52,97,0.718,0.692,0.0,0.0,72.7,blue_cone,self_stop,,
OFT Gen-v2,L1,40-55,l1-6003-green_cylinder-search,blocks,b,green_cylinder,True,search,Approach the green cylinder.,6003,42.44,-74.06,5.98,False,True,35,17.8,42.4,10.5,10.5,True,True,True,False,False,78,39.0,True,True,True,18.8,0.98,2,42,475,0.782,0.425,0.1,0.1,66.2,blue_cone,self_stop,,
OFT Gen-v2,L1,40-55,l1-6004-blue_cone-visible,yard,a,blue_cone,True,visible,Find the blue cone.,6004,54.6,0.13,6.0,True,True,0,0.0,54.6,10.0,10.0,True,True,True,False,False,53,26.1,True,True,True,17.5,1.0,1,53,6,0.868,0.868,0.0,0.0,38.1,orange_ball,self_stop,,
OFT Gen-v2,L1,40-55,l1-6005-orange_ball-search,yard,a,orange_ball,True,search,Approach the orange ball.,6005,47.58,178.07,6.47,False,True,21,10.5,47.6,11.6,11.6,True,True,True,False,False,70,34.6,True,True,True,17.6,0.98,2,48,299,0.799,0.563,0.0,0.0,46.7,blue_cone,self_stop,,
OFT Gen-v2,L1,40-55,l1-6006-red_cube-visible,yard,a,red_cube,True,visible,Find the red cube.,6006,48.82,2.71,5.03,True,True,0,0.0,48.8,11.8,11.8,True,True,True,False,False,49,24.0,True,True,True,16.1,1.0,1,49,9,0.771,0.771,0.5,0.5,86.1,blue_cone,self_stop,,
OFT Gen-v2,L1,40-55,l1-6007-green_cylinder-search,yard,a,green_cylinder,True,search,Approach the green cylinder.,6007,41.8,105.03,6.36,False,True,10,5.0,41.8,10.8,10.8,True,True,True,False,False,52,25.6,True,True,True,18.1,1.0,1,42,170,0.759,0.615,0.0,0.0,68.1,blue_cone,self_stop,,
OFT Gen-v2,L1,40-55,l1-6008-yellow_pyramid-visible,blocks,a_new,yellow_pyramid,False,visible,Find the yellow pyramid.,6008,43.81,-8.13,7.41,True,True,0,0.0,43.8,42.0,66.3,False,False,False,False,True,240,121.5,True,False,False,0.4,0.17,5,42,2092,0.087,0.151,11.5,11.5,54.7,orange_ball,timeout,LONG_APPROACH_FAILURE,passed_over
OFT Gen-v2,L1,40-55,l1-6009-yellow_pyramid-search,blocks,b_new,yellow_pyramid,False,search,Approach the yellow pyramid.,6009,44.11,-156.06,6.23,False,True,29,15.0,44.1,11.0,11.0,True,True,True,False,False,77,38.8,True,True,True,16.2,1.0,1,48,362,0.699,0.488,0.4,0.1,70.1,green_cylinder,self_stop,,
OFT Gen-v2,L1,40-55,l1-6010-yellow_pyramid-visible,yard,a_new,yellow_pyramid,False,visible,Find the yellow pyramid.,6010,42.92,0.42,8.66,True,True,0,0.0,42.9,10.9,10.9,True,True,True,False,False,40,19.6,True,True,True,18.2,1.0,1,40,6,0.843,0.843,0.0,0.0,84.0,red_cube,self_stop,,
OFT Gen-v2,L1,40-55,l1-6011-yellow_pyramid-search,yard,a_new,yellow_pyramid,False,search,Approach the yellow pyramid.,6011,44.09,-165.15,8.29,False,True,22,11.0,44.1,11.4,11.4,True,True,True,False,False,96,47.8,True,True,True,8.5,0.92,6,68,441,0.449,0.364,0.0,0.0,40.0,red_cube,self_stop,,
OFT Gen-v2,L2,55-70,l2-6013-blue_cone-search,blocks,a,blue_cone,True,search,Find the blue cone.,6013,57.03,-111.14,8.48,False,True,51,26.5,57.0,12.3,12.3,True,True,True,False,False,113,59.5,True,True,True,13.8,1.0,1,62,429,0.703,0.386,10.7,0.0,54.5,red_cube,self_stop,,
OFT Gen-v2,L2,55-70,l2-6014-orange_ball-visible,blocks,b,orange_ball,True,visible,Approach the orange ball.,6014,61.82,-6.45,6.29,True,True,0,0.0,61.8,10.8,10.8,True,True,True,False,False,60,29.9,True,True,True,17.2,1.0,1,60,16,0.87,0.87,0.0,0.0,54.2,blue_cone,self_stop,,
OFT Gen-v2,L2,55-70,l2-6015-red_cube-search,blocks,a,red_cube,True,search,Find the red cube.,6015,56.18,173.1,7.22,False,True,19,9.8,56.2,9.8,9.8,True,True,True,False,False,78,40.2,True,True,True,17.1,1.0,1,59,308,0.768,0.581,0.0,0.0,67.0,blue_cone,self_stop,,
OFT Gen-v2,L2,55-70,l2-6016-green_cylinder-visible,blocks,b,green_cylinder,True,visible,Approach the green cylinder.,6016,55.32,7.42,8.22,True,True,0,0.0,55.3,11.2,11.2,True,True,True,False,False,52,25.7,True,True,True,18.2,1.0,1,52,16,0.873,0.873,0.0,0.0,67.6,blue_cone,self_stop,,
OFT Gen-v2,L2,55-70,l2-6017-blue_cone-search,yard,a,blue_cone,True,search,Find the blue cone.,6017,65.43,88.04,8.63,False,True,8,4.0,65.4,63.8,63.8,False,False,False,False,True,240,120.3,True,False,False,0.0,0.28,8,66,2523,0.029,0.008,2.9,2.9,101.4,red_cube,timeout,LONG_APPROACH_FAILURE,passed_over
OFT Gen-v2,L2,55-70,l2-6018-orange_ball-visible,yard,a,orange_ball,True,visible,Approach the orange ball.,6018,64.32,-9.78,5.21,True,True,0,0.0,64.3,56.4,56.4,False,False,False,False,True,240,121.3,True,False,False,0.0,0.12,6,29,2660,0.289,0.041,0.6,0.6,65.7,blue_cone,timeout,LONG_APPROACH_FAILURE,passed_over
OFT Gen-v2,L2,55-70,l2-6019-red_cube-search,yard,a,red_cube,True,search,Find the red cube.,6019,64.03,-162.62,8.35,False,True,22,11.0,64.0,12.4,12.4,True,True,True,False,False,92,45.6,True,True,True,14.6,0.99,2,69,342,0.771,0.579,0.3,0.3,85.4,blue_cone,self_stop,,
OFT Gen-v2,L2,55-70,l2-6020-green_cylinder-visible,yard,a,green_cylinder,True,visible,Approach the green cylinder.,6020,66.54,9.45,7.45,True,True,0,0.0,66.5,12.5,12.5,True,True,True,False,False,85,42.1,True,True,True,15.3,1.0,1,85,54,0.662,0.662,4.7,4.7,30.6,orange_ball,self_stop,,
OFT Gen-v2,L2,55-70,l2-6021-yellow_pyramid-search,blocks,a_new,yellow_pyramid,False,search,Find the yellow pyramid.,6021,55.16,159.55,8.46,False,True,96,51.4,55.2,11.5,11.5,True,True,True,False,False,140,73.1,True,True,True,18.6,1.0,1,44,413,0.773,0.692,0.0,0.0,76.9,red_cube,self_stop,,
OFT Gen-v2,L2,55-70,l2-6022-yellow_pyramid-visible,blocks,b_new,yellow_pyramid,False,visible,Approach the yellow pyramid.,6022,56.5,0.75,8.93,True,True,0,0.0,56.5,11.2,11.2,True,True,True,False,False,56,27.6,True,True,True,16.1,1.0,1,56,22,0.838,0.838,0.0,0.0,56.8,red_cube,self_stop,,
OFT Gen-v2,L2,55-70,l2-6023-yellow_pyramid-search,yard,a_new,yellow_pyramid,False,search,Find the yellow pyramid.,6023,65.22,95.55,7.62,False,True,9,4.5,65.2,58.5,58.5,False,False,False,False,True,240,119.9,True,False,False,0.0,0.28,9,65,2547,0.106,0.033,1.8,1.8,28.5,red_cube,timeout,LONG_APPROACH_FAILURE,passed_over
OFT Gen-v2,L2,55-70,l2-6024-yellow_pyramid-visible,yard,a_new,yellow_pyramid,False,visible,Approach the yellow pyramid.,6024,59.14,-1.81,7.07,True,True,0,0.0,59.1,58.6,73.1,False,False,False,False,True,240,120.3,True,False,False,-0.2,0.16,12,38,2383,0.034,0.095,0.6,0.6,39.8,green_cylinder,timeout,LONG_APPROACH_FAILURE,passed_over
OFT Gen-v2,L3,70-90,l3-6045-orange_ball-visible,blocks,a,orange_ball,True,visible,Find the orange ball.,6045,79.08,8.76,7.62,True,True,0,0.0,79.1,9.6,9.6,True,True,True,False,False,79,41.1,True,True,True,17.4,1.0,1,79,33,0.877,0.877,0.0,0.0,54.5,blue_cone,self_stop,,
OFT Gen-v2,L3,70-90,l3-6086-red_cube-search,blocks,b,red_cube,True,search,Approach the red cube.,6086,81.85,166.23,8.4,False,True,18,9.4,81.8,11.1,11.1,True,True,True,False,False,101,52.9,True,True,True,17.0,0.99,2,82,298,0.843,0.684,0.0,0.0,73.7,orange_ball,self_stop,,
OFT Gen-v2,L3,70-90,l3-6087-red_cube-visible,blocks,a,red_cube,True,visible,Find the red cube.,6087,77.87,-5.66,5.96,True,True,0,0.0,77.9,10.0,10.0,True,True,True,False,False,125,64.9,True,True,True,17.6,0.66,2,83,613,0.796,0.529,0.1,0.1,66.4,blue_cone,self_stop,,
OFT Gen-v2,L3,70-90,l3-6088-green_cylinder-search,blocks,b,green_cylinder,True,search,Approach the green cylinder.,6088,85.82,149.8,6.62,False,True,20,10.2,85.8,11.0,11.0,True,True,True,False,False,100,52.0,True,True,True,18.8,1.0,1,80,262,0.909,0.727,0.0,0.0,66.7,blue_cone,self_stop,,
OFT Gen-v2,L3,70-90,l3-6089-blue_cone-visible,yard,a,blue_cone,True,visible,Find the blue cone.,6089,77.74,0.45,8.01,True,True,0,0.0,77.7,73.9,73.9,False,False,False,False,True,240,121.1,True,False,False,0.0,0.3,6,72,2442,0.057,0.017,10.0,10.0,46.5,green_cylinder,timeout,LONG_APPROACH_FAILURE,passed_over
OFT Gen-v2,L3,70-90,l3-6090-orange_ball-search,yard,a,orange_ball,True,search,Approach the orange ball.,6090,84.27,-177.6,8.36,False,True,20,10.0,84.3,11.6,11.6,True,True,True,False,False,109,55.0,True,True,True,16.9,0.98,2,87,328,0.842,0.672,0.2,0.3,57.5,blue_cone,self_stop,,
OFT Gen-v2,L3,70-90,l3-6091-red_cube-visible,yard,a,red_cube,True,visible,Find the red cube.,6091,85.27,-6.31,6.2,True,True,0,0.0,85.3,71.9,71.9,False,False,True,False,False,80,39.7,True,False,False,5.3,0.03,1,2,511,0.01,0.26,0.1,0.1,115.5,green_cylinder,self_stop,LONG_APPROACH_FAILURE,early_stop
OFT Gen-v2,L3,70-90,l3-6092-green_cylinder-search,yard,a,green_cylinder,True,search,Approach the green cylinder.,6092,87.46,-167.34,8.21,False,True,26,13.0,87.5,11.2,11.2,True,True,True,False,False,128,64.9,True,True,True,19.0,0.99,2,101,335,0.732,0.612,3.0,3.0,23.1,blue_cone,self_stop,,
OFT Gen-v2,L3,70-90,l3-6093-yellow_pyramid-visible,blocks,a_new,yellow_pyramid,False,visible,Find the yellow pyramid.,6093,70.85,9.82,6.75,True,True,0,0.0,70.9,11.5,11.5,True,True,True,False,False,203,105.9,True,True,True,13.4,0.62,4,125,1281,0.474,0.293,8.1,8.1,85.9,green_cylinder,self_stop,,
OFT Gen-v2,L3,70-90,l3-6094-yellow_pyramid-search,blocks,b_new,yellow_pyramid,False,search,Approach the yellow pyramid.,6094,73.96,125.21,6.48,False,True,17,8.7,74.0,11.3,11.3,True,True,True,False,False,152,77.4,True,True,True,17.5,0.62,3,84,802,0.778,0.444,3.3,3.3,49.9,red_cube,self_stop,,
OFT Gen-v2,L3,70-90,l3-6095-yellow_pyramid-visible,yard,a_new,yellow_pyramid,False,visible,Find the yellow pyramid.,6095,77.66,-5.38,8.99,True,True,0,0.0,77.7,77.7,80.3,False,False,False,False,True,240,120.6,True,False,False,0.0,0.18,11,44,2590,0.008,0.017,1.5,1.5,18.9,green_cylinder,timeout,LONG_APPROACH_FAILURE,passed_over
OFT Gen-v2,L3,70-90,l3-6096-yellow_pyramid-search,yard,a_new,yellow_pyramid,False,search,Approach the yellow pyramid.,6096,89.12,-80.66,5.64,False,True,38,19.1,89.1,88.7,89.0,False,False,False,False,True,240,120.5,True,False,False,0.0,0.05,4,11,2746,0.032,0.007,0.7,0.8,27.7,red_cube,timeout,LONG_APPROACH_FAILURE,passed_over
Teacher,L1,40-55,l1-6000-blue_cone-visible,blocks,a,blue_cone,True,visible,Find the blue cone.,6000,41.02,2.46,5.59,True,True,0,0.0,41.0,10.6,10.6,True,True,True,False,False,38,18.6,True,True,True,16.7,1.0,1,38,5,0.817,0.817,0.0,0.0,53.2,red_cube,self_stop,,
Teacher,L1,40-55,l1-6001-orange_ball-search,blocks,b,orange_ball,True,search,Approach the orange ball.,6001,47.96,173.19,8.49,False,True,10,5.0,48.0,10.5,10.5,True,True,True,False,False,57,28.1,True,True,True,17.2,1.0,1,47,154,0.824,0.679,0.0,0.0,53.8,blue_cone,self_stop,,
Teacher,L1,40-55,l1-6002-red_cube-visible,blocks,a,red_cube,True,visible,Find the red cube.,6002,46.91,-7.02,6.29,True,True,0,0.0,46.9,10.7,10.7,True,True,True,False,False,44,21.6,True,True,True,17.0,1.0,1,44,14,0.846,0.846,0.0,0.0,73.1,blue_cone,self_stop,,
Teacher,L1,40-55,l1-6003-green_cylinder-search,blocks,b,green_cylinder,True,search,Approach the green cylinder.,6003,42.44,-74.06,5.98,False,True,18,9.0,42.4,10.6,10.6,True,True,True,False,False,60,29.6,True,True,True,16.7,0.98,2,41,255,0.802,0.548,0.0,0.0,65.7,blue_cone,self_stop,,
Teacher,L1,40-55,l1-6004-blue_cone-visible,yard,a,blue_cone,True,visible,Find the blue cone.,6004,54.6,0.13,6.0,True,True,0,0.0,54.6,10.6,10.6,True,True,True,False,False,52,25.6,True,True,True,16.7,1.0,1,52,1,0.872,0.872,0.0,0.0,38.1,orange_ball,self_stop,,
Teacher,L1,40-55,l1-6005-orange_ball-search,yard,a,orange_ball,True,search,Approach the orange ball.,6005,47.58,178.07,6.47,False,True,10,5.0,47.6,10.6,10.6,True,True,True,False,False,58,28.6,True,True,True,17.0,0.98,2,47,180,0.807,0.654,0.0,0.0,47.4,blue_cone,self_stop,,
Teacher,L1,40-55,l1-6006-red_cube-visible,yard,a,red_cube,True,visible,Find the red cube.,6006,48.82,2.71,5.03,True,True,0,0.0,48.8,10.8,10.8,True,True,True,False,False,45,22.1,True,True,True,17.3,1.0,1,45,6,0.856,0.856,0.0,0.0,85.2,blue_cone,self_stop,,
Teacher,L1,40-55,l1-6007-green_cylinder-search,yard,a,green_cylinder,True,search,Approach the green cylinder.,6007,41.8,105.03,6.36,False,True,5,2.5,41.8,10.5,10.5,True,True,True,False,False,46,22.6,True,True,True,16.9,1.0,1,41,103,0.779,0.695,0.0,0.0,68.3,blue_cone,self_stop,,
Teacher,L1,40-55,l1-6008-yellow_pyramid-visible,blocks,a_new,yellow_pyramid,False,visible,Find the yellow pyramid.,6008,43.81,-8.13,7.41,True,True,0,0.0,43.8,10.6,10.6,True,True,True,False,False,41,20.0,True,True,True,17.4,1.0,1,41,17,0.835,0.835,0.0,0.0,77.0,blue_cone,self_stop,,
Teacher,L1,40-55,l1-6009-yellow_pyramid-search,blocks,b_new,yellow_pyramid,False,search,Approach the yellow pyramid.,6009,44.11,-156.06,6.23,False,True,12,6.0,44.1,10.5,10.5,True,True,True,False,False,55,27.1,True,True,True,16.9,1.0,1,43,182,0.796,0.622,0.0,0.0,70.3,green_cylinder,self_stop,,
Teacher,L1,40-55,l1-6010-yellow_pyramid-visible,yard,a_new,yellow_pyramid,False,visible,Find the yellow pyramid.,6010,42.92,0.42,8.66,True,True,0,0.0,42.9,10.5,10.5,True,True,True,False,False,40,19.5,True,True,True,17.3,1.0,1,40,1,0.845,0.845,0.0,0.0,83.0,red_cube,self_stop,,
Teacher,L1,40-55,l1-6011-yellow_pyramid-search,yard,a_new,yellow_pyramid,False,search,Approach the yellow pyramid.,6011,44.09,-165.15,8.29,False,True,11,5.5,44.1,10.6,10.6,True,True,True,False,False,54,26.6,True,True,True,17.6,1.0,1,43,179,0.799,0.637,0.0,0.0,40.3,red_cube,self_stop,,
Teacher,L2,55-70,l2-6013-blue_cone-search,blocks,a,blue_cone,True,search,Find the blue cone.,6013,57.03,-111.14,8.48,False,True,15,7.5,57.0,10.6,10.6,True,True,True,False,False,71,35.1,True,True,True,17.5,1.0,1,56,218,0.854,0.674,0.0,0.0,57.0,red_cube,self_stop,,
Teacher,L2,55-70,l2-6014-orange_ball-visible,blocks,b,orange_ball,True,visible,Approach the orange ball.,6014,61.82,-6.45,6.29,True,True,0,0.0,61.8,10.6,10.6,True,True,True,False,False,59,29.1,True,True,True,17.3,1.0,1,59,13,0.885,0.885,0.0,0.0,53.0,blue_cone,self_stop,,
Teacher,L2,55-70,l2-6015-red_cube-search,blocks,a,red_cube,True,search,Find the red cube.,6015,56.18,173.1,7.22,False,True,10,5.0,56.2,10.6,10.6,True,True,True,False,False,65,32.1,True,True,True,17.3,1.0,1,55,155,0.851,0.72,0.0,0.0,69.0,blue_cone,self_stop,,
Teacher,L2,55-70,l2-6016-green_cylinder-visible,blocks,b,green_cylinder,True,visible,Approach the green cylinder.,6016,55.32,7.42,8.22,True,True,0,0.0,55.3,10.5,10.5,True,True,True,False,False,53,26.1,True,True,True,17.2,1.0,1,53,15,0.87,0.87,0.0,0.0,67.2,blue_cone,self_stop,,
Teacher,L2,55-70,l2-6017-blue_cone-search,yard,a,blue_cone,True,search,Find the blue cone.,6017,65.43,88.04,8.63,False,True,4,2.0,65.4,10.5,10.5,True,True,True,False,False,69,34.1,True,True,True,17.2,1.0,1,65,87,0.872,0.822,0.0,0.0,76.4,red_cube,self_stop,,
Teacher,L2,55-70,l2-6018-orange_ball-visible,yard,a,orange_ball,True,visible,Approach the orange ball.,6018,64.32,-9.78,5.21,True,True,0,0.0,64.3,10.7,10.7,True,True,True,False,False,62,30.6,True,True,True,16.9,1.0,1,62,20,0.884,0.884,0.0,0.0,67.1,blue_cone,self_stop,,
Teacher,L2,55-70,l2-6019-red_cube-search,yard,a,red_cube,True,search,Find the red cube.,6019,64.03,-162.62,8.35,False,True,12,6.0,64.0,10.4,10.4,True,True,True,False,False,76,37.6,True,True,True,16.7,1.0,1,64,183,0.87,0.733,0.0,0.0,84.6,blue_cone,self_stop,,
Teacher,L2,55-70,l2-6020-green_cylinder-visible,yard,a,green_cylinder,True,visible,Approach the green cylinder.,6020,66.54,9.45,7.45,True,True,0,0.0,66.5,10.5,10.5,True,True,True,False,False,64,31.6,True,True,True,17.3,1.0,1,64,20,0.89,0.89,0.0,0.0,30.6,orange_ball,self_stop,,
Teacher,L2,55-70,l2-6021-yellow_pyramid-search,blocks,a_new,yellow_pyramid,False,search,Find the yellow pyramid.,6021,55.16,159.55,8.46,False,True,9,4.5,55.2,10.5,10.5,True,True,True,False,False,63,31.1,True,True,True,17.6,1.0,1,54,145,0.848,0.727,0.0,0.0,93.4,red_cube,self_stop,,
Teacher,L2,55-70,l2-6022-yellow_pyramid-visible,blocks,b_new,yellow_pyramid,False,visible,Approach the yellow pyramid.,6022,56.5,0.75,8.93,True,True,0,0.0,56.5,10.3,10.3,True,True,True,False,False,54,26.6,True,True,True,17.1,1.0,1,54,2,0.875,0.875,0.0,0.0,56.8,red_cube,self_stop,,
Teacher,L2,55-70,l2-6023-yellow_pyramid-search,yard,a_new,yellow_pyramid,False,search,Find the yellow pyramid.,6023,65.22,95.55,7.62,False,True,5,2.5,65.2,10.7,10.7,True,True,True,False,False,69,34.1,True,True,True,17.6,0.98,2,63,100,0.883,0.806,0.0,0.0,28.6,red_cube,self_stop,,
Teacher,L2,55-70,l2-6024-yellow_pyramid-visible,yard,a_new,yellow_pyramid,False,visible,Approach the yellow pyramid.,6024,59.14,-1.81,7.07,True,True,0,0.0,59.1,10.6,10.6,True,True,True,False,False,56,27.6,True,True,True,17.5,1.0,1,56,5,0.887,0.887,0.0,0.0,42.5,green_cylinder,self_stop,,
Teacher,L3,70-90,l3-6045-orange_ball-visible,blocks,a,orange_ball,True,visible,Find the orange ball.,6045,79.08,8.76,7.62,True,True,0,0.0,79.1,10.5,10.5,True,True,True,False,False,77,38.1,True,True,True,17.0,1.0,1,77,18,0.908,0.908,0.0,0.0,53.4,blue_cone,self_stop,,
Teacher,L3,70-90,l3-6086-red_cube-search,blocks,b,red_cube,True,search,Approach the red cube.,6086,81.85,166.23,8.4,False,True,10,5.0,81.8,10.7,10.7,True,True,True,False,False,91,45.1,True,True,True,17.7,0.99,2,80,164,0.907,0.798,0.0,0.0,72.0,orange_ball,self_stop,,
Teacher,L3,70-90,l3-6087-red_cube-visible,blocks,a,red_cube,True,visible,Find the red cube.,6087,77.87,-5.66,5.96,True,True,0,0.0,77.9,10.7,10.7,True,True,True,False,False,75,37.1,True,True,True,17.1,1.0,1,75,12,0.911,0.911,0.0,0.0,68.6,blue_cone,self_stop,,
Teacher,L3,70-90,l3-6088-green_cylinder-search,blocks,b,green_cylinder,True,search,Approach the green cylinder.,6088,85.82,149.8,6.62,False,True,11,5.5,85.8,10.5,10.5,True,True,True,False,False,95,47.1,True,True,True,16.8,1.0,1,84,155,0.912,0.806,0.0,0.0,68.6,blue_cone,self_stop,,
Teacher,L3,70-90,l3-6089-blue_cone-visible,yard,a,blue_cone,True,visible,Find the blue cone.,6089,77.74,0.45,8.01,True,True,0,0.0,77.7,10.7,10.7,True,True,True,False,False,75,37.1,True,True,True,17.5,1.0,1,75,2,0.919,0.919,0.0,0.0,44.4,green_cylinder,self_stop,,
Teacher,L3,70-90,l3-6090-orange_ball-search,yard,a,orange_ball,True,search,Approach the orange ball.,6090,84.27,-177.6,8.36,False,True,11,5.5,84.3,10.6,10.6,True,True,True,False,False,95,47.1,True,True,True,17.4,0.99,2,83,172,0.91,0.795,0.0,0.0,59.3,blue_cone,self_stop,,
Teacher,L3,70-90,l3-6091-red_cube-visible,yard,a,red_cube,True,visible,Find the red cube.,6091,85.27,-6.31,6.2,True,True,0,0.0,85.3,10.6,10.6,True,True,True,False,False,82,40.6,True,True,True,17.1,1.0,1,82,14,0.913,0.913,0.0,0.0,79.9,blue_cone,self_stop,,
Teacher,L3,70-90,l3-6092-green_cylinder-search,yard,a,green_cylinder,True,search,Approach the green cylinder.,6092,87.46,-167.34,8.21,False,True,11,5.5,87.5,10.5,10.5,True,True,True,False,False,99,49.1,True,True,True,17.1,0.99,2,87,175,0.91,0.8,0.0,0.0,25.5,blue_cone,self_stop,,
Teacher,L3,70-90,l3-6093-yellow_pyramid-visible,blocks,a_new,yellow_pyramid,False,visible,Find the yellow pyramid.,6093,70.85,9.82,6.75,True,True,0,0.0,70.9,10.7,10.7,True,True,True,False,False,68,33.6,True,True,True,17.2,1.0,1,68,20,0.9,0.9,0.0,0.0,86.8,green_cylinder,self_stop,,
Teacher,L3,70-90,l3-6094-yellow_pyramid-search,blocks,b_new,yellow_pyramid,False,search,Approach the yellow pyramid.,6094,73.96,125.21,6.48,False,True,9,4.5,74.0,10.7,10.7,True,True,True,False,False,80,39.6,True,True,True,17.4,1.0,1,71,122,0.906,0.804,0.0,0.0,49.9,red_cube,self_stop,,
Teacher,L3,70-90,l3-6095-yellow_pyramid-visible,yard,a_new,yellow_pyramid,False,visible,Find the yellow pyramid.,6095,77.66,-5.38,8.99,True,True,0,0.0,77.7,10.3,10.3,True,True,True,False,False,75,37.1,True,True,True,17.1,1.0,1,75,12,0.906,0.906,0.0,0.0,21.7,green_cylinder,self_stop,,
Teacher,L3,70-90,l3-6096-yellow_pyramid-search,yard,a_new,yellow_pyramid,False,search,Approach the yellow pyramid.,6096,89.12,-80.66,5.64,False,True,19,9.5,89.1,10.7,10.7,True,True,True,False,False,106,52.6,True,True,True,16.8,1.0,1,87,246,0.918,0.754,0.0,0.0,26.1,red_cube,self_stop,,
