model,level,episode,map,target,kind,instruction,reason,steps,initial_distance_m,minimum_distance_m,final_distance_m,climbed_m,climb_after_sight_m,started_hidden,acquired,approached,stopped,success,failure,mechanism
OFT Gen-v1,G0,g0-1016-blue_cone-visible,blocks,blue_cone,visible,Approach the blue cone.,model_stop,21,23.8,9.1,9.1,0.0,0.0,False,,True,True,True,,
OFT Gen-v1,G0,g0-1051-green_cylinder-visible,blocks,green_cylinder,visible,Find the green cylinder.,model_stop,20,24.8,9.4,9.4,0.0,0.0,False,,True,True,True,,
OFT Gen-v1,G0,g0-1073-orange_ball-visible,blocks,orange_ball,visible,Find the orange ball.,model_stop,26,30.6,9.9,9.9,0.0,0.0,False,,True,True,True,,
OFT Gen-v1,G0,g0-1098-red_cube-visible,blocks,red_cube,visible,Approach the red cube.,model_stop,22,28.7,11.8,11.8,0.1,0.1,False,,True,True,True,,
OFT Gen-v1,G0,g0-1088-blue_cone-peripheral,blocks,blue_cone,peripheral,Find the blue cone.,model_stop,21,21.3,9.1,9.1,0.0,0.0,False,,True,True,True,,
OFT Gen-v1,G0,g0-1115-green_cylinder-peripheral,blocks,green_cylinder,peripheral,Find the green cylinder.,model_stop,130,51.8,13.8,13.8,12.5,12.5,False,,True,True,True,,
OFT Gen-v1,G0,g0-1125-orange_ball-peripheral,blocks,orange_ball,peripheral,Find the orange ball.,model_stop,87,50.6,10.5,10.5,0.5,0.5,False,,True,True,True,,
OFT Gen-v1,G0,g0-1150-red_cube-peripheral,blocks,red_cube,peripheral,Approach the red cube.,model_stop,97,60.6,11.5,11.5,1.3,1.3,False,,True,True,True,,
OFT Gen-v1,G0,g0-1092-blue_cone-search,blocks,blue_cone,search,Approach the blue cone.,model_stop,45,20.6,10.4,10.4,0.1,0.0,True,True,True,True,True,,
OFT Gen-v1,G0,g0-1103-green_cylinder-search,blocks,green_cylinder,search,Find the green cylinder.,model_stop,67,46.5,9.5,9.5,0.3,0.1,True,True,True,True,True,,
OFT Gen-v1,G0,g0-1117-orange_ball-search,blocks,orange_ball,search,Approach the orange ball.,model_stop,23,16.4,9.6,9.6,0.1,0.1,True,True,True,True,True,,
OFT Gen-v1,G0,g0-1122-red_cube-search,blocks,red_cube,search,Find the red cube.,model_stop,49,32.8,11.1,11.1,0.2,0.1,True,True,True,True,True,,
OFT Gen-v1,G0,g0-1104-blue_cone-altitude,blocks,blue_cone,altitude,Approach the blue cone.,model_stop,89,41.6,13.6,13.6,8.5,0.4,True,True,True,True,True,,
OFT Gen-v1,G0,g0-1135-green_cylinder-altitude,blocks,green_cylinder,altitude,Find the green cylinder.,model_stop,97,34.3,11.6,11.6,7.5,3.9,True,True,True,True,True,,
OFT Gen-v1,G0,g0-1157-orange_ball-altitude,blocks,orange_ball,altitude,Find the orange ball.,model_stop,65,40.8,12.4,12.4,7.5,0.4,True,True,True,True,True,,
OFT Gen-v1,G0,g0-1186-red_cube-altitude,blocks,red_cube,altitude,Approach the red cube.,model_stop,163,65.4,14.6,14.6,14.7,2.7,True,True,True,True,True,,
OFT Gen-v1,G0,g0-1164-blue_cone-reacquire,blocks,blue_cone,reacquire,Approach the blue cone.,model_stop,15,19.0,10.4,10.4,0.0,0.0,False,,True,True,True,,
OFT Gen-v1,G0,g0-1191-green_cylinder-reacquire,blocks,green_cylinder,reacquire,Approach the green cylinder.,model_stop,42,22.0,9.0,9.0,1.7,1.7,False,,True,True,True,,
OFT Gen-v1,G0,g0-1217-orange_ball-reacquire,blocks,orange_ball,reacquire,Find the orange ball.,model_stop,43,32.6,9.3,9.3,0.0,0.0,False,,True,True,True,,
OFT Gen-v1,G0,g0-1246-red_cube-reacquire,blocks,red_cube,reacquire,Find the red cube.,model_stop,105,63.3,10.9,10.9,0.6,0.6,False,,True,True,True,,
OFT Gen-v1,G1,g1-0000-blue_cone-visible,blocks,blue_cone,visible,Find the blue cone.,model_stop,97,46.2,9.4,9.4,1.9,1.9,False,,True,True,True,,
OFT Gen-v1,G1,g1-0001-orange_ball-visible,blocks,orange_ball,visible,Approach the orange ball.,model_stop,170,68.7,13.0,13.0,2.7,2.7,False,,True,True,True,,
OFT Gen-v1,G1,g1-0002-red_cube-visible,blocks,red_cube,visible,Find the red cube.,model_stop,42,46.8,11.0,11.0,0.0,0.0,False,,True,True,True,,
OFT Gen-v1,G1,g1-0003-green_cylinder-visible,blocks,green_cylinder,visible,Approach the green cylinder.,model_stop,209,47.5,8.4,8.4,2.2,2.2,False,,True,True,True,,
OFT Gen-v1,G1,g1-0004-blue_cone-peripheral,blocks,blue_cone,peripheral,Find the blue cone.,model_stop,23,24.1,9.3,9.3,0.0,0.0,False,,True,True,True,,
OFT Gen-v1,G1,g1-0005-orange_ball-peripheral,blocks,orange_ball,peripheral,Approach the orange ball.,model_stop,43,42.7,10.5,10.5,0.2,0.2,False,,True,True,True,,
OFT Gen-v1,G1,g1-0006-red_cube-peripheral,blocks,red_cube,peripheral,Find the red cube.,model_stop,29,29.1,9.7,9.7,0.1,0.1,False,,True,True,True,,
OFT Gen-v1,G1,g1-0007-green_cylinder-peripheral,blocks,green_cylinder,peripheral,Approach the green cylinder.,model_stop,35,33.7,9.3,9.3,0.0,0.0,False,,True,True,True,,
OFT Gen-v1,G1,g1-0008-blue_cone-peripheral,blocks,blue_cone,peripheral,Find the blue cone.,max_steps,240,14.6,4.5,4.6,20.5,20.5,False,,True,False,False,F6,
OFT Gen-v1,G1,g1-0009-orange_ball-peripheral,blocks,orange_ball,peripheral,Approach the orange ball.,model_stop,91,18.8,14.7,14.7,13.3,13.3,False,,True,True,True,,
OFT Gen-v1,G1,g1-0010-red_cube-peripheral,blocks,red_cube,peripheral,Find the red cube.,model_stop,64,23.2,9.8,9.8,0.5,0.5,False,,True,True,True,,
OFT Gen-v1,G1,g1-0011-green_cylinder-peripheral,blocks,green_cylinder,peripheral,Approach the green cylinder.,model_stop,57,15.7,10.4,10.4,0.3,0.3,False,,True,True,True,,
OFT Gen-v1,G1,g1-0012-blue_cone-search,blocks,blue_cone,search,Find the blue cone.,model_stop,61,36.2,9.6,9.6,0.1,0.0,True,True,True,True,True,,
OFT Gen-v1,G1,g1-0013-orange_ball-search,blocks,orange_ball,search,Approach the orange ball.,model_stop,72,39.1,12.4,12.4,1.8,0.4,True,True,True,True,True,,
OFT Gen-v1,G1,g1-0014-red_cube-search,blocks,red_cube,search,Find the red cube.,model_stop,77,43.3,11.3,11.3,0.9,0.1,True,True,True,True,True,,
OFT Gen-v1,G1,g1-0015-green_cylinder-search,blocks,green_cylinder,search,Approach the green cylinder.,model_stop,63,35.2,10.1,10.1,0.6,0.1,True,True,True,True,True,,
OFT Gen-v1,G1,g1-0016-blue_cone-search,blocks,blue_cone,search,Find the blue cone.,model_stop,40,22.3,13.8,13.8,5.6,0.2,True,True,True,True,True,,
OFT Gen-v1,G1,g1-0017-orange_ball-search,blocks,orange_ball,search,Approach the orange ball.,model_stop,57,54.7,10.7,10.7,0.1,0.1,True,True,True,True,True,,
OFT Gen-v1,G1,g1-0018-red_cube-search,blocks,red_cube,search,Find the red cube.,model_stop,50,45.7,11.6,11.6,0.2,0.1,True,True,True,True,True,,
OFT Gen-v1,G1,g1-0019-green_cylinder-search,blocks,green_cylinder,search,Approach the green cylinder.,model_stop,117,45.5,11.4,11.4,6.7,6.7,True,True,True,True,True,,
OFT Gen-v1,G1,g1-0020-blue_cone-search,blocks,blue_cone,search,Find the blue cone.,model_stop,42,18.7,10.0,10.0,0.2,0.1,True,True,True,True,True,,
OFT Gen-v1,G1,g1-0021-orange_ball-search,blocks,orange_ball,search,Approach the orange ball.,model_stop,41,22.8,9.1,9.1,0.2,0.1,True,True,True,True,True,,
OFT Gen-v1,G1,g1-0022-red_cube-search,blocks,red_cube,search,Find the red cube.,model_stop,37,21.8,10.8,10.8,0.3,0.1,True,True,True,True,True,,
OFT Gen-v1,G1,g1-0023-green_cylinder-search,blocks,green_cylinder,search,Approach the green cylinder.,model_stop,43,21.2,9.2,9.2,0.2,0.0,True,True,True,True,True,,
OFT Gen-v1,G1,g1-0024-blue_cone-altitude,blocks,blue_cone,altitude,Find the blue cone.,model_stop,89,49.4,16.3,16.3,9.1,0.2,True,True,True,True,False,F4,
OFT Gen-v1,G1,g1-0025-orange_ball-altitude,blocks,orange_ball,altitude,Approach the orange ball.,model_stop,140,47.4,16.8,16.8,12.8,10.8,True,True,True,True,False,F6,
OFT Gen-v1,G1,g1-0026-red_cube-altitude,blocks,red_cube,altitude,Find the red cube.,model_stop,80,47.2,15.0,15.0,6.3,0.9,True,True,True,True,False,F4,
OFT Gen-v1,G1,g1-0027-green_cylinder-altitude,blocks,green_cylinder,altitude,Approach the green cylinder.,model_stop,79,53.9,16.0,16.0,2.2,0.4,True,True,True,True,False,F4,
OFT Gen-v1,G1,g1-0028-blue_cone-reacquire,blocks,blue_cone,reacquire,Find the blue cone.,model_stop,37,24.1,10.7,10.7,0.0,0.0,False,,True,True,True,,
OFT Gen-v1,G1,g1-0029-orange_ball-reacquire,blocks,orange_ball,reacquire,Approach the orange ball.,model_stop,65,41.3,12.3,12.3,1.4,1.4,False,,True,True,True,,
OFT Gen-v1,G1,g1-0030-red_cube-reacquire,blocks,red_cube,reacquire,Find the red cube.,model_stop,80,32.6,12.2,12.2,1.0,1.0,False,,True,True,True,,
OFT Gen-v1,G1,g1-0031-green_cylinder-reacquire,blocks,green_cylinder,reacquire,Approach the green cylinder.,model_stop,85,37.2,10.5,10.5,1.7,1.7,False,,True,True,True,,
OFT Gen-v1,G2,g2-0100-yellow_pyramid-visible,blocks,yellow_pyramid,visible,Find the yellow pyramid.,model_stop,90,23.9,9.3,9.3,0.6,0.6,False,,True,True,True,,
OFT Gen-v1,G2,g2-0101-yellow_pyramid-visible,blocks,yellow_pyramid,visible,Approach the yellow pyramid.,model_stop,137,36.8,12.0,12.2,1.0,1.0,False,,True,True,True,,
OFT Gen-v1,G2,g2-0102-yellow_pyramid-visible,blocks,yellow_pyramid,visible,Find the yellow pyramid.,max_steps,240,64.0,18.3,18.5,17.7,17.7,False,,True,False,False,F6,
OFT Gen-v1,G2,g2-0103-yellow_pyramid-peripheral,blocks,yellow_pyramid,peripheral,Approach the yellow pyramid.,model_stop,84,28.9,10.8,10.8,0.6,0.6,False,,True,True,True,,
OFT Gen-v1,G2,g2-0104-yellow_pyramid-peripheral,blocks,yellow_pyramid,peripheral,Find the yellow pyramid.,model_stop,58,15.8,9.0,9.0,0.5,0.5,False,,True,True,True,,
OFT Gen-v1,G2,g2-0105-yellow_pyramid-peripheral,blocks,yellow_pyramid,peripheral,Approach the yellow pyramid.,model_stop,198,44.9,11.8,11.8,2.3,2.3,False,,True,True,True,,
OFT Gen-v1,G2,g2-0106-yellow_pyramid-search,blocks,yellow_pyramid,search,Find the yellow pyramid.,model_stop,116,22.5,9.1,9.1,1.2,0.8,True,True,True,True,True,,
OFT Gen-v1,G2,g2-0107-yellow_pyramid-search,blocks,yellow_pyramid,search,Approach the yellow pyramid.,model_stop,160,34.8,8.9,8.9,1.0,0.8,True,True,True,True,True,,
OFT Gen-v1,G2,g2-0108-yellow_pyramid-search,blocks,yellow_pyramid,search,Find the yellow pyramid.,max_steps,240,49.2,18.2,19.2,14.6,14.4,True,True,True,False,False,F6,
OFT Gen-v1,G2,g2-0109-yellow_pyramid-search,blocks,yellow_pyramid,search,Approach the yellow pyramid.,model_stop,172,37.7,12.0,12.0,1.9,1.6,True,True,True,True,True,,
OFT Gen-v1,G2,g2-0110-yellow_pyramid-search,blocks,yellow_pyramid,search,Find the yellow pyramid.,max_steps,240,48.9,48.9,56.6,3.7,3.7,True,True,False,False,False,F3,
OFT Gen-v1,G2,g2-0111-yellow_pyramid-search,blocks,yellow_pyramid,search,Approach the yellow pyramid.,model_stop,41,20.5,11.4,11.4,0.3,0.1,True,True,True,True,True,,
OFT Gen-v1,G3,g3-0120-blue_cone-visible,yard,blue_cone,visible,Find the blue cone.,model_stop,75,27.2,8.8,8.8,0.4,0.4,False,,True,True,True,,
OFT Gen-v1,G3,g3-0121-orange_ball-visible,yard,orange_ball,visible,Approach the orange ball.,model_stop,28,31.1,10.4,10.4,0.1,0.1,False,,True,True,True,,
OFT Gen-v1,G3,g3-0122-red_cube-visible,yard,red_cube,visible,Find the red cube.,model_stop,30,33.2,10.1,10.1,0.3,0.3,False,,True,True,True,,
OFT Gen-v1,G3,g3-0123-green_cylinder-visible,yard,green_cylinder,visible,Approach the green cylinder.,model_stop,24,27.8,10.4,10.4,0.0,0.0,False,,True,True,True,,
OFT Gen-v1,G3,g3-0124-blue_cone-peripheral,yard,blue_cone,peripheral,Find the blue cone.,model_stop,21,20.3,9.7,9.7,0.0,0.0,False,,True,True,True,,
OFT Gen-v1,G3,g3-0125-orange_ball-peripheral,yard,orange_ball,peripheral,Approach the orange ball.,model_stop,18,16.8,10.0,10.0,0.0,0.0,False,,True,True,True,,
OFT Gen-v1,G3,g3-0126-red_cube-peripheral,yard,red_cube,peripheral,Find the red cube.,model_stop,19,22.1,11.6,11.6,0.0,0.0,False,,True,True,True,,
OFT Gen-v1,G3,g3-0127-green_cylinder-peripheral,yard,green_cylinder,peripheral,Approach the green cylinder.,model_stop,24,22.7,10.9,10.9,0.1,0.1,False,,True,True,True,,
OFT Gen-v1,G3,g3-0128-blue_cone-search,yard,blue_cone,search,Find the blue cone.,model_stop,43,20.1,10.1,10.1,0.2,0.1,True,True,True,True,True,,
OFT Gen-v1,G3,g3-0129-orange_ball-search,yard,orange_ball,search,Approach the orange ball.,model_stop,51,17.9,9.8,9.8,0.4,0.1,True,True,True,True,True,,
OFT Gen-v1,G3,g3-0130-red_cube-search,yard,red_cube,search,Find the red cube.,model_stop,43,20.2,10.5,10.5,0.4,0.1,True,True,True,True,True,,
OFT Gen-v1,G3,g3-0131-green_cylinder-search,yard,green_cylinder,search,Approach the green cylinder.,model_stop,45,18.2,9.8,9.8,0.3,0.0,True,True,True,True,True,,
OFT Gen-v1,G3,g3-0132-blue_cone-search,yard,blue_cone,search,Find the blue cone.,model_stop,32,25.5,9.5,9.5,0.1,0.1,True,True,True,True,True,,
OFT Gen-v1,G3,g3-0133-orange_ball-search,yard,orange_ball,search,Approach the orange ball.,model_stop,43,27.9,9.6,9.6,0.1,0.1,True,True,True,True,True,,
OFT Gen-v1,G3,g3-0134-red_cube-search,yard,red_cube,search,Find the red cube.,model_stop,47,38.0,12.3,12.3,0.6,0.4,True,True,True,True,True,,
OFT Gen-v1,G3,g3-0135-green_cylinder-search,yard,green_cylinder,search,Approach the green cylinder.,model_stop,49,30.3,10.6,10.6,0.2,0.1,True,True,True,True,True,,
OFT Gen-v1,G3,g3-0136-blue_cone-search,yard,blue_cone,search,Find the blue cone.,model_stop,129,54.1,12.1,12.1,0.8,0.6,True,True,True,True,True,,
OFT Gen-v1,G3,g3-0137-orange_ball-search,yard,orange_ball,search,Approach the orange ball.,max_steps,240,48.8,33.8,33.9,1.6,1.5,True,True,False,False,False,F3,
OFT Gen-v1,G3,g3-0138-red_cube-search,yard,red_cube,search,Find the red cube.,model_stop,61,44.1,12.0,12.0,0.4,0.2,True,True,True,True,True,,
OFT Gen-v1,G3,g3-0139-green_cylinder-search,yard,green_cylinder,search,Approach the green cylinder.,model_stop,65,44.1,11.1,11.1,0.2,0.0,True,True,True,True,True,,
OFT Gen-v1,G4,g4-0160-yellow_pyramid-visible,yard,yellow_pyramid,visible,Find the yellow pyramid.,model_stop,91,41.6,12.9,12.9,0.8,0.8,False,,True,True,True,,
OFT Gen-v1,G4,g4-0161-yellow_pyramid-visible,yard,yellow_pyramid,visible,Approach the yellow pyramid.,max_steps,240,47.1,47.1,47.1,2.0,2.0,False,,False,False,False,F3,
OFT Gen-v1,G4,g4-0162-yellow_pyramid-peripheral,yard,yellow_pyramid,peripheral,Find the yellow pyramid.,max_steps,240,22.7,14.6,15.8,2.7,2.7,False,,True,False,False,F5,
OFT Gen-v1,G4,g4-0163-yellow_pyramid-search,yard,yellow_pyramid,search,Approach the yellow pyramid.,model_stop,88,18.8,11.3,11.3,0.9,0.8,True,True,True,True,True,,
OFT Gen-v1,G4,g4-0164-yellow_pyramid-search,yard,yellow_pyramid,search,Find the yellow pyramid.,model_stop,116,37.8,15.4,15.4,0.9,0.7,True,True,True,True,False,F4,
OFT Gen-v1,G4,g4-0165-yellow_pyramid-search,yard,yellow_pyramid,search,Approach the yellow pyramid.,max_steps,240,51.2,46.7,46.7,2.1,1.9,True,True,False,False,False,F3,
OFT Gen-v1,P,p-0000-blue_cone-visible-locate,blocks,blue_cone,visible,Locate the blue cone.,model_stop,96,46.2,9.4,9.4,1.9,1.9,False,,True,True,True,,
OFT Gen-v1,P,p-0000-blue_cone-visible-search_for,blocks,blue_cone,visible,Search for the blue cone.,model_stop,96,46.2,9.4,9.4,1.7,1.7,False,,True,True,True,,
OFT Gen-v1,P,p-0000-blue_cone-visible-find_and_approach,blocks,blue_cone,visible,Find and approach the blue cone.,model_stop,159,46.2,15.1,15.1,9.4,9.4,False,,True,True,False,F8,
OFT Gen-v1,P,p-0001-orange_ball-visible-locate,blocks,orange_ball,visible,Locate the orange ball.,model_stop,238,68.7,15.7,15.7,11.7,11.7,False,,True,True,False,F8,
OFT Gen-v1,P,p-0001-orange_ball-visible-search_for,blocks,orange_ball,visible,Search for the orange ball.,model_stop,167,68.7,11.9,11.9,2.7,2.7,False,,True,True,True,,
OFT Gen-v1,P,p-0001-orange_ball-visible-find_and_approach,blocks,orange_ball,visible,Find and approach the orange ball.,max_steps,240,68.7,16.7,16.7,7.6,7.6,False,,True,False,False,F8,
OFT Gen-v1,P,p-0002-red_cube-visible-locate,blocks,red_cube,visible,Locate the red cube.,model_stop,42,46.8,11.0,11.0,0.0,0.0,False,,True,True,True,,
OFT Gen-v1,P,p-0002-red_cube-visible-search_for,blocks,red_cube,visible,Search for the red cube.,model_stop,40,46.8,12.0,12.0,0.0,0.0,False,,True,True,True,,
OFT Gen-v1,P,p-0002-red_cube-visible-find_and_approach,blocks,red_cube,visible,Find and approach the red cube.,model_stop,41,46.8,12.6,12.6,0.0,0.0,False,,True,True,True,,
OFT Gen-v1,P,p-0003-green_cylinder-visible-locate,blocks,green_cylinder,visible,Locate the green cylinder.,model_stop,145,47.5,9.8,9.8,0.5,0.5,False,,True,True,True,,
OFT Gen-v1,P,p-0003-green_cylinder-visible-search_for,blocks,green_cylinder,visible,Search for the green cylinder.,model_stop,144,47.5,8.4,8.4,0.8,0.8,False,,True,True,True,,
OFT Gen-v1,P,p-0003-green_cylinder-visible-find_and_approach,blocks,green_cylinder,visible,Find and approach the green cylinder.,model_stop,143,47.5,11.1,11.1,0.5,0.5,False,,True,True,True,,
OFT Gen-v1,P,p-0016-blue_cone-search-locate,blocks,blue_cone,search,Locate the blue cone.,model_stop,34,22.3,11.2,11.2,2.3,0.2,True,True,True,True,True,,
OFT Gen-v1,P,p-0016-blue_cone-search-search_for,blocks,blue_cone,search,Search for the blue cone.,model_stop,36,22.3,11.5,11.5,3.0,0.2,True,True,True,True,True,,
OFT Gen-v1,P,p-0016-blue_cone-search-find_and_approach,blocks,blue_cone,search,Find and approach the blue cone.,model_stop,34,22.3,11.0,11.0,2.2,0.2,True,True,True,True,True,,
OFT Gen-v1,P,p-0017-orange_ball-search-locate,blocks,orange_ball,search,Locate the orange ball.,model_stop,54,54.7,9.9,9.9,0.2,0.1,True,True,True,True,True,,
OFT Gen-v1,P,p-0017-orange_ball-search-search_for,blocks,orange_ball,search,Search for the orange ball.,model_stop,53,54.7,10.1,10.1,0.1,0.1,True,True,True,True,True,,
OFT Gen-v1,P,p-0017-orange_ball-search-find_and_approach,blocks,orange_ball,search,Find and approach the orange ball.,model_stop,54,54.7,14.1,14.1,0.1,0.1,True,True,True,True,True,,
OFT Gen-v1,P,p-0018-red_cube-search-locate,blocks,red_cube,search,Locate the red cube.,model_stop,49,45.7,11.9,11.9,0.3,0.2,True,True,True,True,True,,
OFT Gen-v1,P,p-0018-red_cube-search-search_for,blocks,red_cube,search,Search for the red cube.,model_stop,49,45.7,11.8,11.8,0.3,0.2,True,True,True,True,True,,
OFT Gen-v1,P,p-0018-red_cube-search-find_and_approach,blocks,red_cube,search,Find and approach the red cube.,model_stop,49,45.7,12.2,12.2,0.2,0.2,True,True,True,True,True,,
OFT Gen-v1,P,p-0019-green_cylinder-search-locate,blocks,green_cylinder,search,Locate the green cylinder.,model_stop,54,45.5,9.6,9.6,0.1,0.1,True,True,True,True,True,,
OFT Gen-v1,P,p-0019-green_cylinder-search-search_for,blocks,green_cylinder,search,Search for the green cylinder.,model_stop,53,45.5,9.3,9.3,0.1,0.1,True,True,True,True,True,,
OFT Gen-v1,P,p-0019-green_cylinder-search-find_and_approach,blocks,green_cylinder,search,Find and approach the green cylinder.,model_stop,104,45.5,9.7,9.7,0.7,0.7,True,True,True,True,True,,
OFT Gen-v1,S,s-0180-blue_cone-left,blocks,blue_cone,search,Find the blue cone.,model_stop,70,39.8,9.4,9.4,0.2,0.0,True,True,True,True,True,,
OFT Gen-v1,S,s-0181-blue_cone-right,blocks,blue_cone,search,Find the blue cone.,model_stop,46,39.8,9.3,9.3,0.1,0.0,True,True,True,True,True,,
OFT Gen-v1,S,s-0182-blue_cone-behind_left,blocks,blue_cone,search,Find the blue cone.,model_stop,64,39.8,9.7,9.7,0.1,0.0,True,True,True,True,True,,
OFT Gen-v1,S,s-0183-blue_cone-behind_right,blocks,blue_cone,search,Find the blue cone.,model_stop,52,39.8,9.5,9.5,0.1,0.0,True,True,True,True,True,,
OFT Gen-v1,S,s-0184-orange_ball-left,blocks,orange_ball,search,Find the orange ball.,model_stop,69,39.3,9.2,9.2,0.3,0.1,True,True,True,True,True,,
OFT Gen-v1,S,s-0185-orange_ball-right,blocks,orange_ball,search,Find the orange ball.,model_stop,44,39.3,9.2,9.2,0.1,0.1,True,True,True,True,True,,
OFT Gen-v1,S,s-0186-orange_ball-behind_left,blocks,orange_ball,search,Find the orange ball.,model_stop,63,39.3,8.8,8.8,0.3,0.1,True,True,True,True,True,,
OFT Gen-v1,S,s-0187-orange_ball-behind_right,blocks,orange_ball,search,Find the orange ball.,model_stop,51,39.3,9.0,9.0,0.2,0.1,True,True,True,True,True,,
OFT Gen-v1,S,s-0188-red_cube-left,blocks,red_cube,search,Find the red cube.,model_stop,72,43.2,11.3,11.3,0.4,0.1,True,True,True,True,True,,
OFT Gen-v1,S,s-0189-red_cube-right,blocks,red_cube,search,Find the red cube.,model_stop,47,43.2,10.9,10.9,0.1,0.1,True,True,True,True,True,,
OFT Gen-v1,S,s-0190-red_cube-behind_left,blocks,red_cube,search,Find the red cube.,model_stop,66,43.2,9.8,9.8,0.3,0.1,True,True,True,True,True,,
OFT Gen-v1,S,s-0191-red_cube-behind_right,blocks,red_cube,search,Find the red cube.,model_stop,53,43.2,11.3,11.3,0.2,0.1,True,True,True,True,True,,
OFT Gen-v1,S,s-0192-green_cylinder-left,blocks,green_cylinder,search,Find the green cylinder.,model_stop,71,40.9,9.4,9.4,0.3,0.0,True,True,True,True,True,,
OFT Gen-v1,S,s-0193-green_cylinder-right,blocks,green_cylinder,search,Find the green cylinder.,model_stop,47,40.9,9.5,9.5,0.1,0.0,True,True,True,True,True,,
OFT Gen-v1,S,s-0194-green_cylinder-behind_left,blocks,green_cylinder,search,Find the green cylinder.,model_stop,65,40.9,9.1,9.1,0.2,0.0,True,True,True,True,True,,
OFT Gen-v1,S,s-0195-green_cylinder-behind_right,blocks,green_cylinder,search,Find the green cylinder.,model_stop,52,40.9,9.6,9.6,0.2,0.0,True,True,True,True,True,,
OFT Pilot,G1,g1-0000-blue_cone-visible,blocks,blue_cone,visible,Find the blue cone.,max_steps,240,46.2,40.2,40.2,0.0,0.0,False,,False,False,False,F3,
OFT Pilot,G1,g1-0001-orange_ball-visible,blocks,orange_ball,visible,Approach the orange ball.,model_stop,82,68.7,41.5,41.5,0.6,0.6,False,,False,True,False,F3,
OFT Pilot,G1,g1-0002-red_cube-visible,blocks,red_cube,visible,Find the red cube.,max_steps,240,46.8,41.0,41.1,1.0,1.0,False,,False,False,False,F3,
OFT Pilot,G1,g1-0003-green_cylinder-visible,blocks,green_cylinder,visible,Approach the green cylinder.,max_steps,240,47.5,44.3,51.4,1.6,1.6,False,,False,False,False,F3,
OFT Pilot,G1,g1-0004-blue_cone-peripheral,blocks,blue_cone,peripheral,Find the blue cone.,model_stop,136,24.1,9.2,9.2,0.1,0.1,False,,True,True,True,,
OFT Pilot,G1,g1-0005-orange_ball-peripheral,blocks,orange_ball,peripheral,Approach the orange ball.,max_steps,240,42.7,40.5,40.5,0.0,0.0,False,,False,False,False,F3,
OFT Pilot,G1,g1-0006-red_cube-peripheral,blocks,red_cube,peripheral,Find the red cube.,max_steps,240,29.1,28.2,47.2,1.0,1.0,False,,False,False,False,F3,
OFT Pilot,G1,g1-0007-green_cylinder-peripheral,blocks,green_cylinder,peripheral,Approach the green cylinder.,max_steps,240,33.7,26.2,28.4,1.2,1.2,False,,False,False,False,F3,
OFT Pilot,G1,g1-0008-blue_cone-peripheral,blocks,blue_cone,peripheral,Find the blue cone.,max_steps,240,14.6,10.4,10.4,0.0,0.0,False,,True,False,False,F5,
OFT Pilot,G1,g1-0009-orange_ball-peripheral,blocks,orange_ball,peripheral,Approach the orange ball.,model_stop,86,18.8,9.9,9.9,0.0,0.0,False,,True,True,True,,
OFT Pilot,G1,g1-0010-red_cube-peripheral,blocks,red_cube,peripheral,Find the red cube.,max_steps,240,23.2,22.9,33.2,0.9,0.9,False,,False,False,False,F3,
OFT Pilot,G1,g1-0011-green_cylinder-peripheral,blocks,green_cylinder,peripheral,Approach the green cylinder.,model_stop,194,15.7,14.9,26.3,1.3,1.3,False,,True,True,False,F5,
OFT Pilot,G1,g1-0012-blue_cone-search,blocks,blue_cone,search,Find the blue cone.,max_steps,240,36.2,10.5,10.5,0.0,0.1,True,True,True,False,False,F5,
OFT Pilot,G1,g1-0013-orange_ball-search,blocks,orange_ball,search,Approach the orange ball.,collision,117,39.1,28.9,28.9,0.1,0.0,True,False,False,False,False,F7,
OFT Pilot,G1,g1-0014-red_cube-search,blocks,red_cube,search,Find the red cube.,max_steps,240,43.3,5.8,5.8,0.8,0.8,True,True,True,False,False,F5,
OFT Pilot,G1,g1-0015-green_cylinder-search,blocks,green_cylinder,search,Approach the green cylinder.,collision,106,35.2,4.7,4.7,0.3,0.1,True,True,True,False,False,F7,
OFT Pilot,G1,g1-0016-blue_cone-search,blocks,blue_cone,search,Find the blue cone.,max_steps,240,22.3,9.9,9.9,0.0,0.0,True,True,True,False,False,F5,
OFT Pilot,G1,g1-0017-orange_ball-search,blocks,orange_ball,search,Approach the orange ball.,max_steps,240,54.7,53.2,54.4,0.0,0.0,True,True,False,False,False,F3,
OFT Pilot,G1,g1-0018-red_cube-search,blocks,red_cube,search,Find the red cube.,max_steps,240,45.7,17.9,19.3,0.9,0.9,True,True,True,False,False,F5,
OFT Pilot,G1,g1-0019-green_cylinder-search,blocks,green_cylinder,search,Approach the green cylinder.,max_steps,240,45.5,40.0,41.9,1.5,1.3,True,True,False,False,False,F3,
OFT Pilot,G1,g1-0020-blue_cone-search,blocks,blue_cone,search,Find the blue cone.,max_steps,240,18.7,8.7,8.7,0.0,0.0,True,True,True,False,False,F5,
OFT Pilot,G1,g1-0021-orange_ball-search,blocks,orange_ball,search,Approach the orange ball.,model_stop,166,22.8,14.5,14.5,0.1,0.1,True,True,True,True,True,,
OFT Pilot,G1,g1-0022-red_cube-search,blocks,red_cube,search,Find the red cube.,max_steps,240,21.8,11.0,11.0,1.0,1.0,True,True,True,False,False,F5,
OFT Pilot,G1,g1-0023-green_cylinder-search,blocks,green_cylinder,search,Approach the green cylinder.,max_steps,240,21.2,14.9,43.3,1.3,1.1,True,True,True,False,False,F5,
OFT Pilot,G1,g1-0024-blue_cone-altitude,blocks,blue_cone,altitude,Find the blue cone.,max_steps,240,49.4,48.5,48.5,0.0,0.0,True,False,False,False,False,F1,
OFT Pilot,G1,g1-0025-orange_ball-altitude,blocks,orange_ball,altitude,Approach the orange ball.,max_steps,240,47.4,45.0,45.8,0.0,0.0,True,False,False,False,False,F1,
OFT Pilot,G1,g1-0026-red_cube-altitude,blocks,red_cube,altitude,Find the red cube.,max_steps,240,47.2,40.0,41.3,0.8,0.0,True,False,False,False,False,F1,
OFT Pilot,G1,g1-0027-green_cylinder-altitude,blocks,green_cylinder,altitude,Approach the green cylinder.,max_steps,240,53.9,46.9,47.4,1.0,0.5,True,True,False,False,False,F3,
OFT Pilot,G1,g1-0028-blue_cone-reacquire,blocks,blue_cone,reacquire,Find the blue cone.,max_steps,240,24.1,10.2,10.2,0.0,0.0,False,,True,False,False,F5,
OFT Pilot,G1,g1-0029-orange_ball-reacquire,blocks,orange_ball,reacquire,Approach the orange ball.,model_stop,60,41.3,11.3,11.3,0.1,0.1,False,,True,True,True,,
OFT Pilot,G1,g1-0030-red_cube-reacquire,blocks,red_cube,reacquire,Find the red cube.,max_steps,240,32.6,4.7,6.1,0.6,0.6,False,,True,False,False,F5,
OFT Pilot,G1,g1-0031-green_cylinder-reacquire,blocks,green_cylinder,reacquire,Approach the green cylinder.,collision,127,37.2,4.6,4.6,0.4,0.4,False,,True,False,False,F7,
OFT Pilot (own scene),G1,g1-0000-blue_cone-visible,blocks,blue_cone,visible,Approach the blue cone.,max_steps,240,46.2,45.9,58.4,0.4,0.4,False,,False,False,False,F3,
OFT Pilot (own scene),G1,g1-0001-orange_ball-visible,blocks,orange_ball,visible,Approach the orange ball.,collision,202,68.7,3.4,3.4,0.3,0.3,False,,True,False,False,F7,
OFT Pilot (own scene),G1,g1-0004-blue_cone-peripheral,blocks,blue_cone,peripheral,Approach the blue cone.,model_stop,33,24.1,9.5,9.5,0.0,0.0,False,,True,True,True,,
OFT Pilot (own scene),G1,g1-0005-orange_ball-peripheral,blocks,orange_ball,peripheral,Approach the orange ball.,max_steps,240,42.7,41.6,41.6,0.0,0.0,False,,False,False,False,F3,
OFT Pilot (own scene),G1,g1-0008-blue_cone-peripheral,blocks,blue_cone,peripheral,Approach the blue cone.,model_stop,98,14.6,10.7,10.7,0.0,0.0,False,,True,True,True,,
OFT Pilot (own scene),G1,g1-0009-orange_ball-peripheral,blocks,orange_ball,peripheral,Approach the orange ball.,model_stop,14,18.8,18.8,18.8,0.0,0.0,False,,True,True,False,F4,
OFT Pilot (own scene),G1,g1-0012-blue_cone-search,blocks,blue_cone,search,Find the blue cone.,max_steps,240,36.2,10.9,11.0,0.0,0.1,True,True,True,False,False,F5,
OFT Pilot (own scene),G1,g1-0013-orange_ball-search,blocks,orange_ball,search,Find the orange ball.,max_steps,240,39.1,4.3,4.5,0.0,0.0,True,True,True,False,False,F5,
OFT Pilot (own scene),G1,g1-0016-blue_cone-search,blocks,blue_cone,search,Find the blue cone.,max_steps,240,22.3,10.1,10.2,0.0,0.0,True,True,True,False,False,F5,
OFT Pilot (own scene),G1,g1-0017-orange_ball-search,blocks,orange_ball,search,Find the orange ball.,max_steps,240,54.7,53.1,53.2,0.0,0.0,True,True,False,False,False,F3,
OFT Pilot (own scene),G1,g1-0020-blue_cone-search,blocks,blue_cone,search,Find the blue cone.,max_steps,240,18.7,9.0,9.0,0.0,0.0,True,True,True,False,False,F5,
OFT Pilot (own scene),G1,g1-0021-orange_ball-search,blocks,orange_ball,search,Find the orange ball.,max_steps,240,22.8,13.2,13.2,0.0,0.0,True,True,True,False,False,F5,
OFT Pilot (own scene),G1,g1-0024-blue_cone-altitude,blocks,blue_cone,altitude,Find the blue cone.,model_stop,233,49.4,9.2,9.2,0.0,0.0,True,True,True,True,True,,
OFT Pilot (own scene),G1,g1-0025-orange_ball-altitude,blocks,orange_ball,altitude,Find the orange ball.,model_stop,44,47.4,10.1,10.1,0.0,0.0,False,,True,True,True,,
OFT Pilot (own scene),G1,g1-0028-blue_cone-reacquire,blocks,blue_cone,reacquire,Find the blue cone.,max_steps,240,24.1,10.1,10.1,0.0,0.0,False,,True,False,False,F5,
OFT Pilot (own scene),G1,g1-0029-orange_ball-reacquire,blocks,orange_ball,reacquire,Find the orange ball.,model_stop,57,41.3,11.1,11.1,0.0,0.0,False,,True,True,True,,
OFT Pilot,G2,g2-0100-yellow_pyramid-visible,blocks,yellow_pyramid,visible,Find the yellow pyramid.,max_steps,240,23.9,13.9,19.5,1.5,1.5,False,,True,False,False,F5,
OFT Pilot,G2,g2-0101-yellow_pyramid-visible,blocks,yellow_pyramid,visible,Approach the yellow pyramid.,max_steps,240,36.8,20.7,56.6,1.2,1.2,False,,False,False,False,F3,
OFT Pilot,G2,g2-0103-yellow_pyramid-peripheral,blocks,yellow_pyramid,peripheral,Approach the yellow pyramid.,max_steps,240,28.9,9.3,10.6,1.2,1.2,False,,True,False,False,F5,
OFT Pilot,G2,g2-0106-yellow_pyramid-search,blocks,yellow_pyramid,search,Find the yellow pyramid.,max_steps,240,22.5,6.7,6.7,1.1,0.8,True,True,True,False,False,F5,
OFT Pilot,G2,g2-0107-yellow_pyramid-search,blocks,yellow_pyramid,search,Approach the yellow pyramid.,max_steps,240,34.8,20.2,41.3,1.2,0.7,True,True,False,False,False,F3,
OFT Pilot,G2,g2-0108-yellow_pyramid-search,blocks,yellow_pyramid,search,Find the yellow pyramid.,max_steps,240,49.2,49.2,68.7,1.7,1.1,True,True,False,False,False,F3,
OFT Pilot,G3,g3-0120-blue_cone-visible,yard,blue_cone,visible,Find the blue cone.,model_stop,86,27.2,10.1,10.1,0.2,0.2,False,,True,True,True,,
OFT Pilot,G3,g3-0121-orange_ball-visible,yard,orange_ball,visible,Approach the orange ball.,max_steps,240,31.1,19.9,19.9,0.2,0.2,False,,True,False,False,F5,
OFT Pilot,G3,g3-0124-blue_cone-peripheral,yard,blue_cone,peripheral,Find the blue cone.,model_stop,28,20.3,10.9,10.9,0.0,0.0,False,,True,True,True,,
OFT Pilot,G3,g3-0125-orange_ball-peripheral,yard,orange_ball,peripheral,Approach the orange ball.,max_steps,240,16.8,15.2,15.7,0.0,0.0,False,,True,False,False,F5,
OFT Pilot,G3,g3-0128-blue_cone-search,yard,blue_cone,search,Find the blue cone.,model_stop,58,20.1,10.5,10.5,0.1,0.1,True,True,True,True,True,,
OFT Pilot,G3,g3-0129-orange_ball-search,yard,orange_ball,search,Approach the orange ball.,model_stop,90,17.9,10.7,10.7,0.0,0.1,True,True,True,True,True,,
OFT Pilot,G3,g3-0132-blue_cone-search,yard,blue_cone,search,Find the blue cone.,model_stop,110,25.5,9.9,9.9,0.0,0.0,True,True,True,True,True,,
OFT Pilot,G3,g3-0133-orange_ball-search,yard,orange_ball,search,Approach the orange ball.,model_stop,54,27.9,11.8,11.8,0.0,0.1,True,True,True,True,True,,
OFT Pilot,G3,g3-0136-blue_cone-search,yard,blue_cone,search,Find the blue cone.,max_steps,240,54.1,50.0,50.0,0.1,0.1,True,True,False,False,False,F3,
OFT Pilot,G3,g3-0137-orange_ball-search,yard,orange_ball,search,Approach the orange ball.,max_steps,240,48.8,20.2,20.6,0.0,0.1,True,True,False,False,False,F3,
AeroVLA Step,G1,g1-0000-blue_cone-visible,blocks,blue_cone,visible,Find the blue cone.,max_steps,30,46.2,41.8,126.6,2.3,2.3,False,,False,False,False,F2,
AeroVLA Step,G1,g1-0001-orange_ball-visible,blocks,orange_ball,visible,Approach the orange ball.,model_stop,18,68.7,10.2,10.2,0.2,0.2,False,,True,True,True,,
AeroVLA Step,G1,g1-0002-red_cube-visible,blocks,red_cube,visible,Find the red cube.,model_stop,12,46.8,20.1,20.1,0.9,0.9,False,,False,True,False,F3,
AeroVLA Step,G1,g1-0003-green_cylinder-visible,blocks,green_cylinder,visible,Approach the green cylinder.,max_steps,30,47.5,27.5,113.4,5.4,5.4,False,,False,False,False,F6,
AeroVLA Step,G1,g1-0004-blue_cone-peripheral,blocks,blue_cone,peripheral,Find the blue cone.,max_steps,30,24.1,11.7,101.2,0.1,0.1,False,,True,False,False,F5,
AeroVLA Step,G1,g1-0005-orange_ball-peripheral,blocks,orange_ball,peripheral,Approach the orange ball.,model_stop,9,42.7,42.7,53.5,3.3,3.3,False,,False,True,False,F2,
AeroVLA Step,G1,g1-0006-red_cube-peripheral,blocks,red_cube,peripheral,Find the red cube.,model_stop,15,29.1,15.8,16.2,2.0,2.0,False,,True,True,False,F4,
AeroVLA Step,G1,g1-0007-green_cylinder-peripheral,blocks,green_cylinder,peripheral,Approach the green cylinder.,max_steps,30,33.7,16.4,116.0,0.7,0.7,False,,True,False,False,F5,
AeroVLA Step,G1,g1-0012-blue_cone-search,blocks,blue_cone,search,Find the blue cone.,model_stop,6,36.2,36.2,50.8,1.1,0.0,True,False,False,True,False,F1,
AeroVLA Step,G1,g1-0013-orange_ball-search,blocks,orange_ball,search,Approach the orange ball.,model_stop,17,39.1,39.1,67.5,7.1,0.0,True,False,False,True,False,F1,
AeroVLA Step,G1,g1-0014-red_cube-search,blocks,red_cube,search,Find the red cube.,max_steps,30,43.3,41.6,136.0,1.6,0.0,True,False,False,False,False,F1,
AeroVLA Step,G1,g1-0015-green_cylinder-search,blocks,green_cylinder,search,Approach the green cylinder.,max_steps,30,35.2,35.2,159.9,0.3,0.0,True,False,False,False,False,F1,
AeroVLA Step,G1,g1-0024-blue_cone-altitude,blocks,blue_cone,altitude,Find the blue cone.,collision,27,49.4,49.4,73.4,0.3,0.0,True,False,False,False,False,F7,
AeroVLA Step,G1,g1-0025-orange_ball-altitude,blocks,orange_ball,altitude,Approach the orange ball.,model_stop,5,47.4,41.0,41.0,6.7,4.1,True,True,False,True,False,F3,
AeroVLA Step,G1,g1-0026-red_cube-altitude,blocks,red_cube,altitude,Find the red cube.,model_stop,3,47.2,47.2,50.9,0.2,0.0,True,False,False,True,False,F1,
AeroVLA Step,G1,g1-0027-green_cylinder-altitude,blocks,green_cylinder,altitude,Approach the green cylinder.,model_stop,11,53.9,21.4,21.4,2.1,0.7,True,True,False,True,False,F3,
AeroVLA Continuous,G1,g1-0000-blue_cone-visible,blocks,blue_cone,visible,Find the blue cone.,max_steps,30,46.2,25.8,58.0,0.0,0.0,False,,False,False,False,F3,
AeroVLA Continuous,G1,g1-0001-orange_ball-visible,blocks,orange_ball,visible,Approach the orange ball.,model_stop,20,68.7,19.9,19.9,5.7,5.7,False,,True,True,False,F6,
AeroVLA Continuous,G1,g1-0002-red_cube-visible,blocks,red_cube,visible,Find the red cube.,model_stop,1,46.8,46.8,46.8,0.0,0.0,False,,False,True,False,F3,
AeroVLA Continuous,G1,g1-0003-green_cylinder-visible,blocks,green_cylinder,visible,Approach the green cylinder.,model_stop,10,47.5,21.9,21.9,0.8,0.8,False,,False,True,False,F3,
AeroVLA Continuous,G1,g1-0004-blue_cone-peripheral,blocks,blue_cone,peripheral,Find the blue cone.,max_steps,30,24.1,9.6,50.1,0.0,0.0,False,,True,False,False,F5,
AeroVLA Continuous,G1,g1-0005-orange_ball-peripheral,blocks,orange_ball,peripheral,Approach the orange ball.,model_stop,12,42.7,42.7,50.6,4.0,4.0,False,,False,True,False,F3,
AeroVLA Continuous,G1,g1-0006-red_cube-peripheral,blocks,red_cube,peripheral,Find the red cube.,model_stop,29,29.1,15.1,37.7,1.7,1.7,False,,True,True,False,F4,
AeroVLA Continuous,G1,g1-0007-green_cylinder-peripheral,blocks,green_cylinder,peripheral,Approach the green cylinder.,max_steps,30,33.7,14.0,52.6,2.4,2.4,False,,True,False,False,F5,
AeroVLA Continuous,G1,g1-0012-blue_cone-search,blocks,blue_cone,search,Find the blue cone.,max_steps,30,36.2,36.2,107.6,2.5,0.0,True,False,False,False,False,F1,
AeroVLA Continuous,G1,g1-0013-orange_ball-search,blocks,orange_ball,search,Approach the orange ball.,model_stop,1,39.1,39.1,39.1,0.0,0.0,True,False,False,True,False,F1,
AeroVLA Continuous,G1,g1-0014-red_cube-search,blocks,red_cube,search,Find the red cube.,max_steps,30,43.3,41.3,72.0,0.0,0.0,True,False,False,False,False,F1,
AeroVLA Continuous,G1,g1-0015-green_cylinder-search,blocks,green_cylinder,search,Approach the green cylinder.,max_steps,30,35.2,35.2,101.0,0.0,0.0,True,False,False,False,False,F1,
AeroVLA Continuous,G1,g1-0024-blue_cone-altitude,blocks,blue_cone,altitude,Find the blue cone.,max_steps,30,49.4,49.3,101.5,0.2,0.0,True,False,False,False,False,F1,
AeroVLA Continuous,G1,g1-0025-orange_ball-altitude,blocks,orange_ball,altitude,Approach the orange ball.,model_stop,4,47.4,40.1,40.1,5.8,0.0,True,True,False,True,False,F3,
AeroVLA Continuous,G1,g1-0026-red_cube-altitude,blocks,red_cube,altitude,Find the red cube.,model_stop,7,47.2,47.2,62.8,0.0,0.0,True,False,False,True,False,F1,
AeroVLA Continuous,G1,g1-0027-green_cylinder-altitude,blocks,green_cylinder,altitude,Approach the green cylinder.,max_steps,30,53.9,42.0,68.0,9.6,0.0,True,False,False,False,False,F1,
Teacher,G1,g1-0000-blue_cone-visible,blocks,blue_cone,visible,Find the blue cone.,teacher_stop,45,46.2,10.6,10.6,0.0,0.0,False,,True,True,True,,
Teacher,G1,g1-0001-orange_ball-visible,blocks,orange_ball,visible,Approach the orange ball.,teacher_stop,66,68.7,10.5,10.5,0.0,0.0,False,,True,True,True,,
Teacher,G1,g1-0002-red_cube-visible,blocks,red_cube,visible,Find the red cube.,teacher_stop,44,46.8,10.5,10.5,0.0,0.0,False,,True,True,True,,
Teacher,G1,g1-0003-green_cylinder-visible,blocks,green_cylinder,visible,Approach the green cylinder.,teacher_stop,44,47.5,10.8,10.8,0.0,0.0,False,,True,True,True,,
Teacher,G1,g1-0004-blue_cone-peripheral,blocks,blue_cone,peripheral,Find the blue cone.,teacher_stop,23,24.1,10.4,10.4,0.0,0.0,False,,True,True,True,,
Teacher,G1,g1-0005-orange_ball-peripheral,blocks,orange_ball,peripheral,Approach the orange ball.,teacher_stop,42,42.7,10.7,10.7,0.5,0.5,False,,True,True,True,,
Teacher,G1,g1-0006-red_cube-peripheral,blocks,red_cube,peripheral,Find the red cube.,teacher_stop,28,29.1,10.5,10.5,0.0,0.0,False,,True,True,True,,
Teacher,G1,g1-0007-green_cylinder-peripheral,blocks,green_cylinder,peripheral,Approach the green cylinder.,teacher_stop,32,33.7,10.6,10.6,0.0,0.0,False,,True,True,True,,
Teacher,G1,g1-0008-blue_cone-peripheral,blocks,blue_cone,peripheral,Find the blue cone.,teacher_stop,15,14.6,11.2,11.2,0.0,0.0,False,,True,True,True,,
Teacher,G1,g1-0009-orange_ball-peripheral,blocks,orange_ball,peripheral,Approach the orange ball.,teacher_stop,17,18.8,10.9,10.9,0.0,0.0,False,,True,True,True,,
Teacher,G1,g1-0010-red_cube-peripheral,blocks,red_cube,peripheral,Find the red cube.,teacher_stop,22,23.2,10.6,10.6,0.0,0.0,False,,True,True,True,,
Teacher,G1,g1-0011-green_cylinder-peripheral,blocks,green_cylinder,peripheral,Approach the green cylinder.,teacher_stop,15,15.7,11.1,11.1,0.0,0.0,False,,True,True,True,,
Teacher,G1,g1-0012-blue_cone-search,blocks,blue_cone,search,Find the blue cone.,teacher_stop,48,36.2,10.5,10.5,0.0,0.0,True,True,True,True,True,,
Teacher,G1,g1-0013-orange_ball-search,blocks,orange_ball,search,Approach the orange ball.,teacher_stop,53,39.1,10.6,10.6,0.0,0.0,True,True,True,True,True,,
Teacher,G1,g1-0014-red_cube-search,blocks,red_cube,search,Find the red cube.,teacher_stop,59,43.3,10.6,10.6,0.0,0.0,True,True,True,True,True,,
Teacher,G1,g1-0015-green_cylinder-search,blocks,green_cylinder,search,Approach the green cylinder.,teacher_stop,48,35.2,10.6,10.6,0.0,0.0,True,True,True,True,True,,
Teacher,G1,g1-0016-blue_cone-search,blocks,blue_cone,search,Find the blue cone.,teacher_stop,25,22.3,10.7,10.7,0.0,0.0,True,True,True,True,True,,
Teacher,G1,g1-0017-orange_ball-search,blocks,orange_ball,search,Approach the orange ball.,teacher_stop,55,54.7,10.5,10.5,0.0,0.0,True,True,True,True,True,,
Teacher,G1,g1-0018-red_cube-search,blocks,red_cube,search,Find the red cube.,teacher_stop,48,45.7,10.3,10.3,0.0,0.0,True,True,True,True,True,,
Teacher,G1,g1-0019-green_cylinder-search,blocks,green_cylinder,search,Approach the green cylinder.,teacher_stop,47,45.5,10.6,10.6,0.0,0.0,True,True,True,True,True,,
Teacher,G1,g1-0020-blue_cone-search,blocks,blue_cone,search,Find the blue cone.,teacher_stop,29,18.7,10.9,10.9,0.0,0.0,True,True,True,True,True,,
Teacher,G1,g1-0021-orange_ball-search,blocks,orange_ball,search,Approach the orange ball.,teacher_stop,31,22.8,10.6,10.6,0.0,0.0,True,True,True,True,True,,
Teacher,G1,g1-0022-red_cube-search,blocks,red_cube,search,Find the red cube.,teacher_stop,29,21.8,10.7,10.7,0.0,0.0,True,True,True,True,True,,
Teacher,G1,g1-0023-green_cylinder-search,blocks,green_cylinder,search,Approach the green cylinder.,teacher_stop,31,21.2,10.7,10.7,0.0,0.0,True,True,True,True,True,,
Teacher,G1,g1-0024-blue_cone-altitude,blocks,blue_cone,altitude,Find the blue cone.,teacher_stop,75,49.4,10.3,10.3,7.0,0.0,True,True,True,True,True,,
Teacher,G1,g1-0025-orange_ball-altitude,blocks,orange_ball,altitude,Approach the orange ball.,teacher_stop,53,47.4,10.5,10.5,4.0,0.5,True,True,True,True,True,,
Teacher,G1,g1-0026-red_cube-altitude,blocks,red_cube,altitude,Find the red cube.,teacher_stop,70,47.2,10.2,10.2,6.5,0.1,True,True,True,True,True,,
Teacher,G1,g1-0027-green_cylinder-altitude,blocks,green_cylinder,altitude,Approach the green cylinder.,teacher_stop,62,53.9,10.1,10.1,3.5,1.4,True,True,True,True,True,,
Teacher,G1,g1-0028-blue_cone-reacquire,blocks,blue_cone,reacquire,Find the blue cone.,teacher_stop,39,24.1,11.1,11.1,0.1,0.1,False,,True,True,True,,
Teacher,G1,g1-0029-orange_ball-reacquire,blocks,orange_ball,reacquire,Approach the orange ball.,teacher_stop,57,41.3,10.8,10.8,0.1,0.1,False,,True,True,True,,
Teacher,G1,g1-0030-red_cube-reacquire,blocks,red_cube,reacquire,Find the red cube.,teacher_stop,55,32.6,11.1,11.1,0.1,0.1,False,,True,True,True,,
Teacher,G1,g1-0031-green_cylinder-reacquire,blocks,green_cylinder,reacquire,Approach the green cylinder.,teacher_stop,59,37.2,10.8,10.8,0.0,0.0,False,,True,True,True,,
Teacher,G2,g2-0100-yellow_pyramid-visible,blocks,yellow_pyramid,visible,Find the yellow pyramid.,teacher_stop,21,23.9,10.4,10.4,0.0,0.0,False,,True,True,True,,
Teacher,G2,g2-0101-yellow_pyramid-visible,blocks,yellow_pyramid,visible,Approach the yellow pyramid.,teacher_stop,33,36.8,10.5,10.5,0.0,0.0,False,,True,True,True,,
Teacher,G2,g2-0102-yellow_pyramid-visible,blocks,yellow_pyramid,visible,Find the yellow pyramid.,teacher_stop,60,64.0,10.5,10.5,0.0,0.0,False,,True,True,True,,
Teacher,G2,g2-0103-yellow_pyramid-peripheral,blocks,yellow_pyramid,peripheral,Approach the yellow pyramid.,teacher_stop,27,28.9,10.5,10.5,0.0,0.0,False,,True,True,True,,
Teacher,G2,g2-0104-yellow_pyramid-peripheral,blocks,yellow_pyramid,peripheral,Find the yellow pyramid.,teacher_stop,15,15.8,11.1,11.1,0.0,0.0,False,,True,True,True,,
Teacher,G2,g2-0105-yellow_pyramid-peripheral,blocks,yellow_pyramid,peripheral,Approach the yellow pyramid.,teacher_stop,43,44.9,10.6,10.6,0.0,0.0,False,,True,True,True,,
Teacher,G2,g2-0106-yellow_pyramid-search,blocks,yellow_pyramid,search,Find the yellow pyramid.,teacher_stop,36,22.5,10.8,10.8,0.0,0.0,True,True,True,True,True,,
Teacher,G2,g2-0107-yellow_pyramid-search,blocks,yellow_pyramid,search,Approach the yellow pyramid.,teacher_stop,39,34.8,10.8,10.8,0.0,0.0,True,True,True,True,True,,
Teacher,G2,g2-0108-yellow_pyramid-search,blocks,yellow_pyramid,search,Find the yellow pyramid.,teacher_stop,58,49.2,10.7,10.7,0.0,0.0,True,True,True,True,True,,
Teacher,G2,g2-0109-yellow_pyramid-search,blocks,yellow_pyramid,search,Approach the yellow pyramid.,teacher_stop,51,37.7,10.7,10.7,0.0,0.0,True,True,True,True,True,,
Teacher,G2,g2-0110-yellow_pyramid-search,blocks,yellow_pyramid,search,Find the yellow pyramid.,teacher_stop,50,48.9,10.4,10.4,0.0,0.0,True,True,True,True,True,,
Teacher,G2,g2-0111-yellow_pyramid-search,blocks,yellow_pyramid,search,Approach the yellow pyramid.,teacher_stop,29,20.5,10.7,10.7,0.0,0.0,True,True,True,True,True,,
Teacher,G3,g3-0120-blue_cone-visible,yard,blue_cone,visible,Find the blue cone.,teacher_stop,24,27.2,10.6,10.6,0.0,0.0,False,,True,True,True,,
Teacher,G3,g3-0121-orange_ball-visible,yard,orange_ball,visible,Approach the orange ball.,teacher_stop,28,31.1,10.3,10.3,0.0,0.0,False,,True,True,True,,
Teacher,G3,g3-0122-red_cube-visible,yard,red_cube,visible,Find the red cube.,teacher_stop,30,33.2,10.5,10.5,0.0,0.0,False,,True,True,True,,
Teacher,G3,g3-0123-green_cylinder-visible,yard,green_cylinder,visible,Approach the green cylinder.,teacher_stop,25,27.8,10.3,10.3,0.0,0.0,False,,True,True,True,,
Teacher,G3,g3-0124-blue_cone-peripheral,yard,blue_cone,peripheral,Find the blue cone.,teacher_stop,18,20.3,10.9,10.9,0.0,0.0,False,,True,True,True,,
Teacher,G3,g3-0125-orange_ball-peripheral,yard,orange_ball,peripheral,Approach the orange ball.,teacher_stop,15,16.8,11.1,11.1,0.0,0.0,False,,True,True,True,,
Teacher,G3,g3-0126-red_cube-peripheral,yard,red_cube,peripheral,Find the red cube.,teacher_stop,20,22.1,10.7,10.7,0.0,0.0,False,,True,True,True,,
Teacher,G3,g3-0127-green_cylinder-peripheral,yard,green_cylinder,peripheral,Approach the green cylinder.,teacher_stop,21,22.7,10.9,10.9,0.0,0.0,False,,True,True,True,,
Teacher,G3,g3-0128-blue_cone-search,yard,blue_cone,search,Find the blue cone.,teacher_stop,30,20.1,10.8,10.8,0.0,0.0,True,True,True,True,True,,
Teacher,G3,g3-0129-orange_ball-search,yard,orange_ball,search,Approach the orange ball.,teacher_stop,34,17.9,10.8,10.8,0.0,0.0,True,True,True,True,True,,
Teacher,G3,g3-0130-red_cube-search,yard,red_cube,search,Find the red cube.,teacher_stop,32,20.2,10.7,10.7,0.0,0.0,True,True,True,True,True,,
Teacher,G3,g3-0131-green_cylinder-search,yard,green_cylinder,search,Approach the green cylinder.,teacher_stop,29,18.2,11.0,11.0,0.0,0.0,True,True,True,True,True,,
Teacher,G3,g3-0132-blue_cone-search,yard,blue_cone,search,Find the blue cone.,teacher_stop,27,25.5,10.4,10.4,0.0,0.0,True,True,True,True,True,,
Teacher,G3,g3-0133-orange_ball-search,yard,orange_ball,search,Approach the orange ball.,teacher_stop,34,27.9,10.7,10.7,0.0,0.0,True,True,True,True,True,,
Teacher,G3,g3-0134-red_cube-search,yard,red_cube,search,Find the red cube.,teacher_stop,42,38.0,10.4,10.4,0.0,0.0,True,True,True,True,True,,
Teacher,G3,g3-0135-green_cylinder-search,yard,green_cylinder,search,Approach the green cylinder.,teacher_stop,38,30.3,10.6,10.6,0.0,0.0,True,True,True,True,True,,
Teacher,G3,g3-0136-blue_cone-search,yard,blue_cone,search,Find the blue cone.,teacher_stop,64,54.1,10.9,10.9,0.0,0.0,True,True,True,True,True,,
Teacher,G3,g3-0137-orange_ball-search,yard,orange_ball,search,Approach the orange ball.,teacher_stop,61,48.8,10.5,10.5,0.0,0.0,True,True,True,True,True,,
Teacher,G3,g3-0138-red_cube-search,yard,red_cube,search,Find the red cube.,teacher_stop,52,44.1,10.5,10.5,0.0,0.0,True,True,True,True,True,,
Teacher,G3,g3-0139-green_cylinder-search,yard,green_cylinder,search,Approach the green cylinder.,teacher_stop,53,44.1,10.5,10.5,0.0,0.0,True,True,True,True,True,,
Teacher,G4,g4-0160-yellow_pyramid-visible,yard,yellow_pyramid,visible,Find the yellow pyramid.,teacher_stop,37,41.6,10.8,10.8,0.0,0.0,False,,True,True,True,,
Teacher,G4,g4-0161-yellow_pyramid-visible,yard,yellow_pyramid,visible,Approach the yellow pyramid.,teacher_stop,43,47.1,10.8,10.8,0.0,0.0,False,,True,True,True,,
Teacher,G4,g4-0162-yellow_pyramid-peripheral,yard,yellow_pyramid,peripheral,Find the yellow pyramid.,teacher_stop,21,22.7,10.6,10.6,0.0,0.0,False,,True,True,True,,
Teacher,G4,g4-0163-yellow_pyramid-search,yard,yellow_pyramid,search,Approach the yellow pyramid.,teacher_stop,23,18.8,10.7,10.7,0.0,0.0,True,True,True,True,True,,
Teacher,G4,g4-0164-yellow_pyramid-search,yard,yellow_pyramid,search,Find the yellow pyramid.,teacher_stop,49,37.8,10.7,10.7,0.0,0.0,True,True,True,True,True,,
Teacher,G4,g4-0165-yellow_pyramid-search,yard,yellow_pyramid,search,Approach the yellow pyramid.,teacher_stop,60,51.2,10.7,10.7,0.0,0.0,True,True,True,True,True,,
Teacher,S,s-0180-blue_cone-left,blocks,blue_cone,search,Find the blue cone.,teacher_stop,55,39.8,10.7,10.7,0.0,0.0,True,True,True,True,True,,
Teacher,S,s-0181-blue_cone-right,blocks,blue_cone,search,Find the blue cone.,teacher_stop,42,39.8,10.6,10.6,0.0,0.0,True,True,True,True,True,,
Teacher,S,s-0182-blue_cone-behind_left,blocks,blue_cone,search,Find the blue cone.,teacher_stop,52,39.8,10.7,10.7,0.0,0.0,True,True,True,True,True,,
Teacher,S,s-0183-blue_cone-behind_right,blocks,blue_cone,search,Find the blue cone.,teacher_stop,45,39.8,10.6,10.6,0.0,0.0,True,True,True,True,True,,
Teacher,S,s-0184-orange_ball-left,blocks,orange_ball,search,Find the orange ball.,teacher_stop,54,39.3,10.4,10.4,0.0,0.0,True,True,True,True,True,,
Teacher,S,s-0185-orange_ball-right,blocks,orange_ball,search,Find the orange ball.,teacher_stop,41,39.3,10.7,10.7,0.0,0.0,True,True,True,True,True,,
Teacher,S,s-0186-orange_ball-behind_left,blocks,orange_ball,search,Find the orange ball.,teacher_stop,52,39.3,10.4,10.4,0.0,0.0,True,True,True,True,True,,
Teacher,S,s-0187-orange_ball-behind_right,blocks,orange_ball,search,Find the orange ball.,teacher_stop,45,39.3,10.3,10.3,0.0,0.0,True,True,True,True,True,,
Teacher,S,s-0188-red_cube-left,blocks,red_cube,search,Find the red cube.,teacher_stop,59,43.2,10.6,10.6,0.0,0.0,True,True,True,True,True,,
Teacher,S,s-0189-red_cube-right,blocks,red_cube,search,Find the red cube.,teacher_stop,46,43.2,10.4,10.4,0.0,0.0,True,True,True,True,True,,
Teacher,S,s-0190-red_cube-behind_left,blocks,red_cube,search,Find the red cube.,teacher_stop,56,43.2,10.5,10.5,0.0,0.0,True,True,True,True,True,,
Teacher,S,s-0191-red_cube-behind_right,blocks,red_cube,search,Find the red cube.,teacher_stop,49,43.2,10.4,10.4,0.0,0.0,True,True,True,True,True,,
Teacher,S,s-0192-green_cylinder-left,blocks,green_cylinder,search,Find the green cylinder.,teacher_stop,56,40.9,10.5,10.5,0.0,0.0,True,True,True,True,True,,
Teacher,S,s-0193-green_cylinder-right,blocks,green_cylinder,search,Find the green cylinder.,teacher_stop,43,40.9,10.6,10.6,0.0,0.0,True,True,True,True,True,,
Teacher,S,s-0194-green_cylinder-behind_left,blocks,green_cylinder,search,Find the green cylinder.,teacher_stop,53,40.9,10.8,10.8,0.0,0.0,True,True,True,True,True,,
Teacher,S,s-0195-green_cylinder-behind_right,blocks,green_cylinder,search,Find the green cylinder.,teacher_stop,46,40.9,10.7,10.7,0.0,0.0,True,True,True,True,True,,
