model,level,episodes,success,collisions,started_hidden,acquired,approached,stopped,success_rate
OFT Gen-v1,G0,20,20,0,8,8,20,20,1.0
OFT Gen-v1,G1,32,27,0,16,16,32,31,0.844
OFT Gen-v1,G2,12,9,0,6,6,11,9,0.75
OFT Gen-v1,G3,20,19,0,12,12,19,19,0.95
OFT Gen-v1,G4,6,2,0,3,3,4,3,0.333
OFT Gen-v1,P,24,21,0,12,12,24,23,0.875
OFT Gen-v1,S,16,16,0,16,16,16,16,1.0
OFT Pilot,G1,32,4,3,16,12,17,6,0.125
OFT Pilot (own scene),G1,16,5,1,7,7,13,6,0.312
OFT Pilot,G2,6,0,0,3,3,3,0,0.0
OFT Pilot,G3,10,6,0,6,6,8,6,0.6
AeroVLA Step,G1,16,1,1,8,2,4,9,0.062
AeroVLA Continuous,G1,16,0,0,8,1,4,8,0.0
Teacher,G1,32,32,0,16,16,32,32,1.0
Teacher,G2,12,12,0,6,6,12,12,1.0
Teacher,G3,20,20,0,12,12,20,20,1.0
Teacher,G4,6,6,0,3,3,6,6,1.0
Teacher,S,16,16,0,16,16,16,16,1.0
