model,level,episodes,success,collisions,decisions,seconds_per_decision,inference_ms,action_change_fraction_of_range,heading_change_deg_mean,heading_change_deg_max,mean_speed_mps,clip_frequency,clip_median_overshoot,clip_max_overshoot
OFT Gen-v1,G0,20,20,0,1227,0.534,410.2,0.0272,3.13,14.5,0.805,0.631,0.0312,0.156
OFT Gen-v1,G1,32,27,0,2455,0.526,398.3,0.0278,3.6,15.1,0.63,0.536,0.0312,0.188
OFT Gen-v1,G2,12,9,0,1776,0.524,398.1,0.031,5.31,14.1,0.309,0.555,0.0234,0.164
OFT Gen-v1,G3,20,19,0,1087,0.515,373.0,0.0254,4.23,12.8,0.658,0.552,0.0234,0.164
OFT Gen-v1,G4,6,2,0,1015,0.523,395.0,0.0188,6.37,12.7,0.15,0.617,0.0234,0.086
OFT Gen-v1,P,24,21,0,2174,0.545,423.2,0.0294,3.76,13.9,0.741,0.483,0.0312,0.164
OFT Gen-v1,S,16,16,0,932,0.56,434.9,0.0175,3.35,13.7,0.972,0.805,0.0391,0.164
OFT Pilot,G1,32,4,3,6594,0.547,425.2,0.024,4.17,14.0,0.223,0.178,0.0234,0.07
OFT Pilot (own scene),G1,16,5,1,2841,0.547,426.6,0.0186,4.13,14.8,0.23,0.342,0.0234,0.086
OFT Pilot,G2,6,0,0,1440,0.556,435.3,0.033,3.13,9.4,0.482,0.0,0.0,0.0
OFT Pilot,G3,10,6,0,1386,0.523,399.0,0.0214,3.92,11.2,0.231,0.102,0.0156,0.039
AeroVLA Step,G1,16,1,1,303,6.419,1110.2,0.0685,4.15,69.3,0.647,,,
AeroVLA Continuous,G1,16,0,0,324,2.967,1157.1,0.0463,3.07,65.2,0.888,,,
Teacher,G1,32,32,0,1366,0.508,,0.0302,3.4,16.4,1.196,,,
Teacher,G2,12,12,0,462,0.509,,0.0245,2.94,16.2,1.311,,,
Teacher,G3,20,20,0,677,0.512,,0.0304,3.85,15.6,1.121,,,
Teacher,G4,6,6,0,233,0.51,,0.025,2.7,16.0,1.338,,,
Teacher,S,16,16,0,794,0.512,,0.0236,4.07,16.0,1.215,,,
