model,set,episode,map,layout,band,role,twin_of,instruction,task,target,success,acquired,initially_visible,views,decisions_in_view,grounded,grounded_on_first_view,views_before_grounding,turns_deg,approached,selected,selected_relation,correct_target,wrong_target,wrong_object,aligned,descent_started,landed,landed_on,touchdown_on_target,self_stop,hovered,terminal,terminal_as_asked,collision,timeout,reason,steps,initial_distance_m,minimum_distance_m,final_distance_m,final_height_m,nearest_other_m,nearest_other,touchdown_error_m,touchdown_vertical_mps,touchdown_horizontal_mps,touchdown_inside,touchdown_soft,finalizer_active,touchdown_success,stable_physical_landing,system_landing,strict_policy_zero_action,finalizer_triggered,disarm_triggered,stable_duration_s,finalizer_state,failure,mechanism
OFT Gen-v3,validation,cv-8500-blue_pad-near_visible,field,a,near,visible,,Find the blue landing pad and land on it.,land,blue_pad,True,True,True,1,29,True,True,0,2,True,blue_pad,target,True,False,,True,True,True,blue_pad,True,True,False,landed,True,False,False,landed,39,14.1,0.5,1.8,2.5,40.8,red_pad,1.8,0.0,0.0,True,True,True,True,True,True,True,True,True,1.4948704242706299,DISARMED,,
OFT Gen-v3,validation,cv-8500-blue_pad-near_visible-approach,field,a,near,approach,cv-8500-blue_pad-near_visible,Approach the blue landing pad.,approach,blue_pad,True,True,True,1,4,False,False,,0,True,blue_pad,target,True,False,,False,False,False,,False,True,True,hovered,True,False,False,model_stop,4,14.1,14.1,14.1,8.2,50.3,red_pad,,,,,,False,,,,,,,,,,
OFT Gen-v3,validation,cv-8501-blue_pad-near_search,lot,a,near,search,,Find the blue landing pad and land on it.,land,blue_pad,True,True,False,1,49,True,True,0,347,True,blue_pad,target,True,False,,True,True,True,blue_pad,True,True,False,landed,True,False,False,landed,73,19.3,2.3,3.1,2.6,34.3,blue_cylinder,3.06,0.6,0.01,True,True,True,True,True,True,True,True,True,1.5786519050598145,DISARMED,,
OFT Gen-v3,validation,cv-8509-blue_pad-mid_visible,field,a,mid,visible,,Find the blue landing pad and land on it.,land,blue_pad,True,True,True,1,38,True,True,0,5,True,blue_pad,target,True,False,,True,True,True,blue_pad,True,True,False,landed,True,False,False,landed,47,29.5,2.9,3.0,2.5,17.5,red_pad,2.96,0.61,0.04,True,True,True,True,True,True,True,True,True,1.5016028881072998,DISARMED,,
OFT Gen-v3,validation,cv-8509-blue_pad-mid_visible-approach,field,a,mid,approach,cv-8509-blue_pad-mid_visible,Approach the blue landing pad.,approach,blue_pad,True,True,True,1,26,True,True,0,11,True,blue_pad,target,True,False,,False,False,False,,False,True,True,hovered,True,False,False,model_stop,26,29.5,9.7,9.7,5.2,17.5,red_pad,,,,,,False,,,,,,,,,,
OFT Gen-v3,validation,cv-8510-blue_pad-mid_search,lot,a,mid,search,,Find the blue landing pad and land on it.,land,blue_pad,False,True,False,1,49,True,True,0,349,True,blue_pad,target,True,False,,True,True,True,blue_pad,True,True,False,landed,True,False,False,landed,73,24.0,1.1,1.9,2.5,40.9,blue_cylinder,1.85,0.05,0.02,True,True,True,True,False,False,True,True,True,1.567258596420288,DISARMED,PHYSICAL_LANDING,did not stay on the pad
OFT Gen-v3,validation,cv-8516-red_pad-mid_red_visible,field,d,mid,red_visible,,Find the red landing pad and land on it.,land,red_pad,True,True,True,1,39,True,True,0,2,True,red_pad,target,True,False,,True,True,True,red_pad,True,True,False,landed,True,False,False,landed,50,29.3,2.5,2.7,2.5,41.7,red_cube,2.71,0.58,0.01,True,True,True,True,True,True,True,True,True,1.6337807178497314,DISARMED,,
OFT Gen-v3,validation,cv-8518-blue_pad-far_visible,field,a,far,visible,,Find the blue landing pad and land on it.,land,blue_pad,True,True,True,1,66,True,True,0,9,True,blue_pad,target,True,False,,True,True,True,blue_pad,True,True,False,landed,True,False,False,landed,66,41.3,2.0,2.3,2.5,42.5,red_pad,2.3,0.62,0.01,True,True,True,True,True,True,True,True,True,1.4990167617797852,DISARMED,,
OFT Gen-v3,validation,cv-8518-blue_pad-far_visible-approach,field,a,far,approach,cv-8518-blue_pad-far_visible,Approach the blue landing pad.,approach,blue_pad,True,True,True,1,38,True,True,0,9,True,blue_pad,target,True,False,,False,False,False,,False,True,True,hovered,True,False,False,model_stop,38,41.3,10.9,10.9,8.1,51.4,red_pad,,,,,,False,,,,,,,,,,
OFT Gen-v3,validation,cv-8519-blue_pad-far_search,lot,a,far,search,,Find the blue landing pad and land on it.,land,blue_pad,True,True,False,1,61,True,True,0,446,True,blue_pad,target,True,False,,True,True,True,blue_pad,True,True,False,landed,True,False,False,landed,94,37.9,0.9,1.2,2.6,41.1,blue_cylinder,1.18,0.0,0.0,True,True,True,True,True,True,True,True,True,1.5357792377471924,DISARMED,,
OFT Gen-v3,validation,cv-8501-blue_pad-near_search-approach,lot,a,near,approach,cv-8501-blue_pad-near_search,Approach the blue landing pad.,approach,blue_pad,True,True,False,1,19,True,True,0,352,True,blue_pad,target,True,False,,False,False,False,,False,True,True,hovered,True,False,False,model_stop,45,19.3,11.3,11.3,8.3,33.6,blue_cylinder,,,,,,False,,,,,,,,,,
OFT Gen-v3,validation,cv-8502-blue_pad-near_edge,field,b,near,edge,,Find the blue landing pad and land on it.,land,blue_pad,True,True,True,1,42,True,True,0,37,True,blue_pad,target,True,False,,True,True,True,blue_pad,True,True,False,landed,True,False,False,landed,42,17.6,3.2,4.0,2.6,38.2,red_pad,4.03,0.57,0.01,True,True,True,True,True,True,True,True,True,1.6026418209075928,DISARMED,,
OFT Gen-v3,validation,cv-8504-blue_pad-near_pair,field,a,near,pair,,Find the blue landing pad and land on it.,land,blue_pad,True,True,True,1,39,True,True,0,2,True,blue_pad,target,True,False,,True,True,True,blue_pad,True,True,False,landed,True,False,False,landed,39,18.1,2.0,2.4,2.5,28.5,red_pad,2.45,0.58,0.01,True,True,True,True,True,True,True,True,True,1.6400675773620605,DISARMED,,
OFT Gen-v3,validation,cv-8504-blue_pad-near_pair-swapped,field,b,near,swap,cv-8504-blue_pad-near_pair,Find the blue landing pad and land on it.,land,blue_pad,False,False,False,0,0,False,False,,3,False,red_pad,same shape,False,True,red_pad,False,False,True,red_pad,False,True,False,landed,True,False,False,landed,39,28.5,28.5,41.7,2.5,2.2,red_pad,2.52,0.57,0.01,True,True,True,False,False,False,False,True,True,1.6580615043640137,DISARMED,SEARCH,stopped by itself
OFT Gen-v3,validation,cv-8504-blue_pad-near_pair-find-red_pad,field,a,near,query,cv-8504-blue_pad-near_pair,Find the red landing pad.,approach,red_pad,True,True,False,1,30,True,True,0,203,True,red_pad,target,True,False,,False,False,False,,False,True,True,hovered,True,False,False,model_stop,41,28.5,10.7,10.7,7.0,18.1,blue_pad,,,,,,False,,,,,,,,,,
OFT Gen-v3,validation,cv-8505-blue_pad-near_past,field,c,near,past,,Find the blue landing pad and land on it.,land,blue_pad,True,True,False,1,53,True,True,0,220,True,blue_pad,target,True,False,,True,True,True,blue_pad,True,False,False,landed,True,False,False,landed,65,13.9,1.8,1.9,2.6,28.6,blue_cube,1.88,0.61,0.04,True,True,True,True,True,True,False,True,True,1.5161800384521484,DISARMED,,
OFT Gen-v3,validation,cv-8506-blue_pad-near_behind,lot,c,near,behind,,Find the blue landing pad and land on it.,land,blue_pad,True,True,False,1,46,True,True,0,309,True,blue_pad,target,True,False,,True,True,True,blue_pad,True,True,False,landed,True,False,False,landed,66,18.6,1.7,1.7,2.6,33.7,red_pad,1.73,0.0,0.0,True,True,True,True,True,True,True,True,True,1.5497314929962158,DISARMED,,
OFT Gen-v3,validation,cv-8507-red_pad-near_red_visible,field,d,near,red_visible,,Find the red landing pad and land on it.,land,red_pad,True,True,True,1,41,True,True,0,2,True,red_pad,target,True,False,,True,True,True,red_pad,True,True,False,landed,True,False,False,landed,41,18.1,1.7,2.4,2.6,37.4,red_cube,2.4,0.59,0.01,True,True,True,True,True,True,True,True,True,1.5536487102508545,DISARMED,,
OFT Gen-v3,validation,cv-8508-red_pad-near_red_search,lot,d,near,red_search,,Find the red landing pad and land on it.,land,red_pad,True,True,False,1,32,True,True,0,195,True,red_pad,target,True,False,,False,True,True,red_pad,True,True,False,landed,True,False,False,landed,52,13.5,3.6,3.7,2.5,45.3,green_cylinder,3.73,0.58,0.01,True,True,True,True,True,True,True,True,True,1.513472318649292,DISARMED,,
OFT Gen-v3,validation,cv-8510-blue_pad-mid_search-approach,lot,a,mid,approach,cv-8510-blue_pad-mid_search,Approach the blue landing pad.,approach,blue_pad,True,True,False,1,24,True,True,0,349,True,blue_pad,target,True,False,,False,False,False,,False,True,True,hovered,True,False,False,model_stop,48,24.0,11.0,11.0,6.3,41.9,blue_cylinder,,,,,,False,,,,,,,,,,
OFT Gen-v3,validation,cv-8511-blue_pad-mid_edge,field,b,mid,edge,,Find the blue landing pad and land on it.,land,blue_pad,True,True,True,1,44,True,True,0,50,True,blue_pad,target,True,False,,True,True,True,blue_pad,True,True,False,landed,True,False,False,landed,55,26.5,0.6,2.0,2.6,26.2,red_pad,2.0,0.6,0.01,True,True,True,True,True,True,True,True,True,1.5834364891052246,DISARMED,,
OFT Gen-v3,validation,cv-8513-blue_pad-mid_pair,field,a,mid,pair,,Find the blue landing pad and land on it.,land,blue_pad,True,True,True,1,47,True,True,0,2,True,blue_pad,target,True,False,,True,True,True,blue_pad,True,True,False,landed,True,False,False,landed,47,23.4,1.9,2.6,2.6,28.8,red_pad,2.62,0.61,0.01,True,True,True,True,True,True,True,True,True,1.5230395793914795,DISARMED,,
OFT Gen-v3,validation,cv-8513-blue_pad-mid_pair-swapped,field,b,mid,swap,cv-8513-blue_pad-mid_pair,Find the blue landing pad and land on it.,land,blue_pad,True,True,False,1,57,True,True,0,407,True,blue_pad,target,True,False,,True,True,True,blue_pad,True,True,False,landed,True,False,False,landed,86,28.8,0.2,1.7,2.6,23.4,red_pad,1.74,0.0,0.0,True,True,True,True,True,True,True,True,True,1.50352144241333,DISARMED,,
OFT Gen-v3,validation,cv-8513-blue_pad-mid_pair-find-red_pad,field,a,mid,query,cv-8513-blue_pad-mid_pair,Find the red landing pad.,approach,red_pad,True,True,False,1,34,True,True,0,415,True,red_pad,target,True,False,,False,False,False,,False,True,True,hovered,True,False,False,model_stop,70,28.8,11.1,11.1,8.2,23.2,blue_pad,,,,,,False,,,,,,,,,,
OFT Gen-v3,validation,cv-8514-blue_pad-mid_past,field,c,mid,past,,Find the blue landing pad and land on it.,land,blue_pad,True,True,False,1,45,True,True,0,188,True,blue_pad,target,True,False,,True,True,True,blue_pad,True,True,False,landed,True,False,False,landed,92,29.4,1.6,2.5,2.6,18.3,blue_cube,2.52,0.6,0.02,True,True,True,True,True,True,True,True,True,1.508018970489502,DISARMED,,
OFT Gen-v3,validation,cv-8515-blue_pad-mid_behind,lot,c,mid,behind,,Find the blue landing pad and land on it.,land,blue_pad,True,True,False,1,59,True,True,0,276,True,blue_pad,target,True,False,,True,True,True,blue_pad,True,True,False,landed,True,False,False,landed,76,26.1,1.3,2.4,2.6,39.7,red_pad,2.4,0.0,0.0,True,True,True,True,True,True,True,True,True,1.5774121284484863,DISARMED,,
OFT Gen-v3,validation,cv-8517-red_pad-mid_red_search,lot,d,mid,red_search,,Find the red landing pad and land on it.,land,red_pad,True,True,False,1,50,True,True,0,144,True,red_pad,target,True,False,,True,True,True,red_pad,True,True,False,landed,True,False,False,landed,57,28.5,2.8,2.8,2.5,30.8,green_cylinder,2.82,0.0,0.0,True,True,True,True,True,True,True,True,True,1.5608816146850586,DISARMED,,
OFT Gen-v3,validation,cv-8519-blue_pad-far_search-approach,lot,a,far,approach,cv-8519-blue_pad-far_search,Approach the blue landing pad.,approach,blue_pad,True,True,False,1,39,True,True,0,446,True,blue_pad,target,True,False,,False,False,False,,False,True,True,hovered,True,False,False,model_stop,73,37.9,11.0,11.0,5.7,43.8,blue_cylinder,,,,,,False,,,,,,,,,,
OFT Gen-v3,validation,cv-8520-blue_pad-far_edge,field,b,far,edge,,Find the blue landing pad and land on it.,land,blue_pad,True,True,True,4,99,True,False,2,1240,True,blue_pad,target,True,False,,True,True,True,blue_pad,True,True,False,landed,True,False,False,landed,173,44.0,2.2,2.7,2.6,44.0,red_pad,2.66,0.6,0.01,True,True,True,True,True,True,True,True,True,1.5489141941070557,DISARMED,,
OFT Gen-v3,validation,cv-8521-blue_pad-far_pair,lot,b,far,pair,,Find the blue landing pad and land on it.,land,blue_pad,True,True,True,1,59,True,True,0,4,True,blue_pad,target,True,False,,True,True,True,blue_pad,True,True,False,landed,True,False,False,landed,59,40.7,3.3,3.4,2.6,32.2,blue_cylinder,3.37,0.62,0.03,True,True,True,True,True,True,True,True,True,1.5460007190704346,DISARMED,,
OFT Gen-v3,validation,cv-8521-blue_pad-far_pair-swapped,lot,a,far,swap,cv-8521-blue_pad-far_pair,Find the blue landing pad and land on it.,land,blue_pad,True,True,False,1,47,True,True,0,448,True,blue_pad,target,True,False,,True,True,True,blue_pad,True,True,False,landed,True,False,False,landed,96,33.9,0.4,1.1,2.6,31.4,blue_cylinder,1.11,0.59,0.04,True,True,True,True,True,True,True,True,True,1.5360639095306396,DISARMED,,
OFT Gen-v3,validation,cv-8521-blue_pad-far_pair-find-blue_cylinder,lot,b,far,query,cv-8521-blue_pad-far_pair,Find the blue cylinder.,approach,blue_cylinder,True,True,False,2,33,True,False,1,474,True,blue_cylinder,target,True,False,,False,False,False,,False,True,True,hovered,True,False,False,model_stop,69,33.9,11.5,11.5,5.6,37.3,blue_pad,,,,,,False,,,,,,,,,,
OFT Gen-v3,validation,cv-8522-blue_pad-far_past,field,c,far,past,,Find the blue landing pad and land on it.,land,blue_pad,False,False,False,0,0,False,False,,27,False,blue_cube,same colour,False,True,blue_cube,False,False,False,,False,True,True,hovered,False,False,False,model_stop,47,32.8,30.6,39.5,6.4,5.8,blue_cube,,,,,,True,False,False,False,False,False,False,,FLYING,SEARCH,stopped by itself
OFT Gen-v3,validation,cv-8523-blue_pad-far_behind,lot,c,far,behind,,Find the blue landing pad and land on it.,land,blue_pad,False,True,False,1,4,False,False,,234,False,,none,False,False,,False,False,False,,False,True,True,hovered,False,False,False,model_stop,24,38.7,38.7,38.9,5.5,74.2,green_cylinder,,,,,,True,False,False,False,False,False,False,,FLYING,GROUNDING,stopped by itself
OFT Gen-v3,validation,cv-8524-red_pad-far_red_visible,field,d,far,red_visible,,Find the red landing pad and land on it.,land,red_pad,False,True,True,1,27,True,True,0,447,False,red_cube,same colour,False,True,red_cube,False,False,False,,False,True,True,hovered,False,False,False,model_stop,105,39.8,20.4,35.3,5.6,7.0,red_cube,,,,,,True,False,False,False,False,False,False,,FLYING,WRONG_TARGET,at red_cube
OFT Gen-v3,validation,cv-8525-red_pad-far_red_search,lot,d,far,red_search,,Find the red landing pad and land on it.,land,red_pad,False,True,False,1,56,True,True,0,220,True,red_pad,target,True,False,,True,True,True,red_pad,True,True,False,landed,True,False,False,landed,70,32.5,0.9,1.1,2.5,38.3,green_cylinder,1.13,0.08,0.02,True,True,True,True,False,False,True,True,True,1.5254833698272705,DISARMED,PHYSICAL_LANDING,did not stay on the pad
Teacher,validation,cv-8500-blue_pad-near_visible,field,a,near,visible,,Find the blue landing pad and land on it.,land,blue_pad,True,True,True,1,37,True,True,0,5,True,blue_pad,target,True,False,,True,True,True,blue_pad,True,True,False,landed,True,False,False,landed,37,14.1,0.1,0.8,2.6,41.7,red_pad,0.78,0.37,0.01,True,True,True,True,True,True,True,True,True,1.4922490119934082,DISARMED,,
Teacher,validation,cv-8500-blue_pad-near_visible-approach,field,a,near,approach,cv-8500-blue_pad-near_visible,Approach the blue landing pad.,approach,blue_pad,True,True,True,1,13,True,True,0,4,True,blue_pad,target,True,False,,False,False,False,,False,True,True,hovered,True,False,False,teacher_stop,13,14.1,11.4,11.4,8.2,48.5,red_pad,,,,,,False,,,,,,,,,,
Teacher,validation,cv-8501-blue_pad-near_search,lot,a,near,search,,Find the blue landing pad and land on it.,land,blue_pad,True,True,False,1,46,True,True,0,190,True,blue_pad,target,True,False,,True,True,True,blue_pad,True,True,False,landed,True,False,False,landed,58,19.3,0.0,0.9,2.6,35.4,blue_cylinder,0.87,0.0,0.0,True,True,True,True,True,True,True,True,True,1.4999074935913086,DISARMED,,
Teacher,validation,cv-8501-blue_pad-near_search-approach,lot,a,near,approach,cv-8501-blue_pad-near_search,Approach the blue landing pad.,approach,blue_pad,True,True,False,1,19,True,True,0,190,True,blue_pad,target,True,False,,False,False,False,,False,True,True,hovered,True,False,False,teacher_stop,31,19.3,10.8,10.8,8.3,35.4,blue_cylinder,,,,,,False,,,,,,,,,,
Teacher,validation,cv-8502-blue_pad-near_edge,field,b,near,edge,,Find the blue landing pad and land on it.,land,blue_pad,True,True,True,1,36,True,True,0,41,True,blue_pad,target,True,False,,True,True,True,blue_pad,True,True,False,landed,True,False,False,landed,43,17.6,0.1,0.8,2.6,41.4,red_pad,0.85,0.35,0.01,True,True,True,True,True,True,True,True,True,1.5040860176086426,DISARMED,,
Teacher,validation,cv-8504-blue_pad-near_pair,field,a,near,pair,,Find the blue landing pad and land on it.,land,blue_pad,True,True,True,1,39,True,True,0,14,True,blue_pad,target,True,False,,True,True,True,blue_pad,True,True,False,landed,True,False,False,landed,39,18.1,0.1,0.6,2.6,28.5,red_pad,0.57,0.36,0.01,True,True,True,True,True,True,True,True,True,1.5073349475860596,DISARMED,,
Teacher,validation,cv-8504-blue_pad-near_pair-swapped,field,b,near,swap,cv-8504-blue_pad-near_pair,Find the blue landing pad and land on it.,land,blue_pad,True,True,False,1,52,True,True,0,119,True,blue_pad,target,True,False,,True,True,True,blue_pad,True,True,False,landed,True,False,False,landed,58,28.5,0.0,0.7,2.6,18.1,red_pad,0.71,0.36,0.01,True,True,True,True,True,True,True,True,True,1.4983291625976562,DISARMED,,
Teacher,validation,cv-8504-blue_pad-near_pair-find-red_pad,field,a,near,query,cv-8504-blue_pad-near_pair,Find the red landing pad.,approach,red_pad,True,True,False,1,28,True,True,0,118,True,red_pad,target,True,False,,False,False,False,,False,True,True,hovered,True,False,False,teacher_stop,34,28.5,10.5,10.5,7.0,18.1,blue_pad,,,,,,False,,,,,,,,,,
Teacher,validation,cv-8505-blue_pad-near_past,field,c,near,past,,Find the blue landing pad and land on it.,land,blue_pad,True,True,False,1,32,True,True,0,132,True,blue_pad,target,True,False,,True,True,True,blue_pad,True,True,False,landed,True,False,False,landed,39,13.9,0.6,0.6,2.6,28.6,blue_cube,0.55,0.0,0.0,True,True,True,True,True,True,True,True,True,1.5012905597686768,DISARMED,,
Teacher,validation,cv-8506-blue_pad-near_behind,lot,c,near,behind,,Find the blue landing pad and land on it.,land,blue_pad,True,True,False,1,39,True,True,0,176,True,blue_pad,target,True,False,,True,True,True,blue_pad,True,True,False,landed,True,False,False,landed,50,18.6,0.1,0.6,2.6,33.7,red_pad,0.6,0.36,0.03,True,True,True,True,True,True,True,True,True,1.5151150226593018,DISARMED,,
Teacher,validation,cv-8507-red_pad-near_red_visible,field,d,near,red_visible,,Find the red landing pad and land on it.,land,red_pad,True,True,True,1,41,True,True,0,12,True,red_pad,target,True,False,,True,True,True,red_pad,True,True,False,landed,True,False,False,landed,41,18.1,0.1,0.6,2.6,37.5,red_cube,0.64,0.36,0.01,True,True,True,True,True,True,True,True,True,1.4962749481201172,DISARMED,,
Teacher,validation,cv-8508-red_pad-near_red_search,lot,d,near,red_search,,Find the red landing pad and land on it.,land,red_pad,True,True,False,1,36,True,True,0,127,True,red_pad,target,True,False,,True,True,True,red_pad,True,True,False,landed,True,False,False,landed,42,13.5,0.0,0.4,2.6,42.0,green_cylinder,0.42,0.36,0.02,True,True,True,True,True,True,True,True,True,1.5016257762908936,DISARMED,,
Teacher,validation,cv-8509-blue_pad-mid_visible,field,a,mid,visible,,Find the blue landing pad and land on it.,land,blue_pad,True,True,True,1,45,True,True,0,16,True,blue_pad,target,True,False,,True,True,True,blue_pad,True,True,False,landed,True,False,False,landed,45,29.5,0.8,0.8,2.6,17.5,red_pad,0.75,0.36,0.04,True,True,True,True,True,True,True,True,True,1.5118210315704346,DISARMED,,
Teacher,validation,cv-8509-blue_pad-mid_visible-approach,field,a,mid,approach,cv-8509-blue_pad-mid_visible,Approach the blue landing pad.,approach,blue_pad,True,True,True,1,26,True,True,0,15,True,blue_pad,target,True,False,,False,False,False,,False,True,True,hovered,True,False,False,teacher_stop,26,29.5,10.8,10.8,5.1,17.5,red_pad,,,,,,False,,,,,,,,,,
Teacher,validation,cv-8510-blue_pad-mid_search,lot,a,mid,search,,Find the blue landing pad and land on it.,land,blue_pad,True,True,False,1,45,True,True,0,196,True,blue_pad,target,True,False,,True,True,True,blue_pad,True,True,False,landed,True,False,False,landed,57,24.0,0.1,0.4,2.6,41.9,blue_cylinder,0.4,0.36,0.02,True,True,True,True,True,True,True,True,True,1.500288724899292,DISARMED,,
Teacher,validation,cv-8510-blue_pad-mid_search-approach,lot,a,mid,approach,cv-8510-blue_pad-mid_search,Approach the blue landing pad.,approach,blue_pad,True,True,False,1,23,True,True,0,194,True,blue_pad,target,True,False,,False,False,False,,False,True,True,hovered,True,False,False,teacher_stop,35,24.0,10.8,10.8,6.2,42.8,blue_cylinder,,,,,,False,,,,,,,,,,
Teacher,validation,cv-8511-blue_pad-mid_edge,field,b,mid,edge,,Find the blue landing pad and land on it.,land,blue_pad,True,True,True,1,52,True,True,0,41,True,blue_pad,target,True,False,,True,True,True,blue_pad,True,True,False,landed,True,False,False,landed,52,26.5,0.2,0.9,2.6,26.2,red_pad,0.94,0.36,0.01,True,True,True,True,True,True,True,True,True,1.511716604232788,DISARMED,,
Teacher,validation,cv-8513-blue_pad-mid_pair,field,a,mid,pair,,Find the blue landing pad and land on it.,land,blue_pad,True,True,True,1,40,True,True,0,10,True,blue_pad,target,True,False,,True,True,True,blue_pad,True,True,False,landed,True,False,False,landed,47,23.4,0.1,1.0,2.6,28.8,red_pad,0.98,0.36,0.01,True,True,True,True,True,True,True,True,True,1.5111453533172607,DISARMED,,
Teacher,validation,cv-8513-blue_pad-mid_pair-swapped,field,b,mid,swap,cv-8513-blue_pad-mid_pair,Find the blue landing pad and land on it.,land,blue_pad,True,True,False,1,54,True,True,0,220,True,blue_pad,target,True,False,,True,True,True,blue_pad,True,True,False,landed,True,False,False,landed,69,28.8,0.0,0.9,2.6,23.4,red_pad,0.87,0.35,0.01,True,True,True,True,True,True,True,True,True,1.5092604160308838,DISARMED,,
Teacher,validation,cv-8513-blue_pad-mid_pair-find-red_pad,field,a,mid,query,cv-8513-blue_pad-mid_pair,Find the red landing pad.,approach,red_pad,True,True,False,1,28,True,True,0,222,True,red_pad,target,True,False,,False,False,False,,False,True,True,hovered,True,False,False,teacher_stop,43,28.8,10.5,10.5,8.2,23.4,blue_pad,,,,,,False,,,,,,,,,,
Teacher,validation,cv-8514-blue_pad-mid_past,field,c,mid,past,,Find the blue landing pad and land on it.,land,blue_pad,True,True,False,1,52,True,True,0,68,True,blue_pad,target,True,False,,True,True,True,blue_pad,True,True,False,landed,True,False,False,landed,54,29.4,0.1,0.6,2.6,40.9,blue_cube,0.6,0.35,0.01,True,True,True,True,True,True,True,True,True,1.4943792819976807,DISARMED,,
Teacher,validation,cv-8515-blue_pad-mid_behind,lot,c,mid,behind,,Find the blue landing pad and land on it.,land,blue_pad,True,True,False,1,53,True,True,0,155,True,blue_pad,target,True,False,,True,True,True,blue_pad,True,True,False,landed,True,False,False,landed,62,26.1,0.1,0.9,2.6,41.1,red_pad,0.94,0.36,0.0,True,True,True,True,True,True,True,True,True,1.5076014995574951,DISARMED,,
Teacher,validation,cv-8516-red_pad-mid_red_visible,field,d,mid,red_visible,,Find the red landing pad and land on it.,land,red_pad,True,True,True,1,51,True,True,0,12,True,red_pad,target,True,False,,True,True,True,red_pad,True,True,False,landed,True,False,False,landed,51,29.3,0.1,0.8,2.6,40.5,red_cube,0.81,0.36,0.01,True,True,True,True,True,True,True,True,True,1.505357265472412,DISARMED,,
Teacher,validation,cv-8517-red_pad-mid_red_search,lot,d,mid,red_search,,Find the red landing pad and land on it.,land,red_pad,True,True,False,1,46,True,True,0,91,True,red_pad,target,True,False,,True,True,True,red_pad,True,True,False,landed,True,False,False,landed,50,28.5,0.7,0.7,2.6,31.2,green_cylinder,0.65,0.36,0.04,True,True,True,True,True,True,True,True,True,1.5140726566314697,DISARMED,,
Teacher,validation,cv-8518-blue_pad-far_visible,field,a,far,visible,,Find the blue landing pad and land on it.,land,blue_pad,True,True,True,1,58,True,True,0,13,True,blue_pad,target,True,False,,True,True,True,blue_pad,True,True,False,landed,True,False,False,landed,64,41.3,0.1,0.7,2.6,41.5,red_pad,0.71,0.35,0.01,True,True,True,True,True,True,True,True,True,1.5079703330993652,DISARMED,,
Teacher,validation,cv-8518-blue_pad-far_visible-approach,field,a,far,approach,cv-8518-blue_pad-far_visible,Approach the blue landing pad.,approach,blue_pad,True,True,True,1,39,True,True,0,13,True,blue_pad,target,True,False,,False,False,False,,False,True,True,hovered,True,False,False,teacher_stop,39,41.3,10.4,10.4,8.1,50.4,red_pad,,,,,,False,,,,,,,,,,
Teacher,validation,cv-8519-blue_pad-far_search,lot,a,far,search,,Find the blue landing pad and land on it.,land,blue_pad,True,True,False,1,59,True,True,0,244,True,blue_pad,target,True,False,,True,True,True,blue_pad,True,True,False,landed,True,False,False,landed,75,37.9,0.1,0.6,2.6,42.0,blue_cylinder,0.62,0.36,0.03,True,True,True,True,True,True,True,True,True,1.5012116432189941,DISARMED,,
Teacher,validation,cv-8519-blue_pad-far_search-approach,lot,a,far,approach,cv-8519-blue_pad-far_search,Approach the blue landing pad.,approach,blue_pad,True,True,False,1,37,True,True,0,241,True,blue_pad,target,True,False,,False,False,False,,False,True,True,hovered,True,False,False,teacher_stop,53,37.9,10.7,10.7,5.7,43.9,blue_cylinder,,,,,,False,,,,,,,,,,
Teacher,validation,cv-8520-blue_pad-far_edge,field,b,far,edge,,Find the blue landing pad and land on it.,land,blue_pad,True,True,True,1,67,True,True,0,43,True,blue_pad,target,True,False,,True,True,True,blue_pad,True,True,False,landed,True,False,False,landed,67,44.0,0.0,0.5,2.6,41.9,red_pad,0.55,0.36,0.01,True,True,True,True,True,True,True,True,True,1.5060255527496338,DISARMED,,
Teacher,validation,cv-8521-blue_pad-far_pair,lot,b,far,pair,,Find the blue landing pad and land on it.,land,blue_pad,True,True,True,1,55,True,True,0,9,True,blue_pad,target,True,False,,True,True,True,blue_pad,True,True,False,landed,True,False,False,landed,60,40.7,0.1,0.5,2.6,31.4,blue_cylinder,0.46,0.0,0.0,True,True,True,True,True,True,True,True,True,1.5039126873016357,DISARMED,,
Teacher,validation,cv-8521-blue_pad-far_pair-swapped,lot,a,far,swap,cv-8521-blue_pad-far_pair,Find the blue landing pad and land on it.,land,blue_pad,True,True,False,1,55,True,True,0,252,True,blue_pad,target,True,False,,True,True,True,blue_pad,True,True,False,landed,True,False,False,landed,72,33.9,0.1,0.4,2.6,37.8,blue_cylinder,0.44,0.0,0.0,True,True,True,True,True,True,True,True,True,1.5048818588256836,DISARMED,,
Teacher,validation,cv-8521-blue_pad-far_pair-find-blue_cylinder,lot,b,far,query,cv-8521-blue_pad-far_pair,Find the blue cylinder.,approach,blue_cylinder,True,True,False,1,32,True,True,0,250,True,blue_cylinder,target,True,False,,False,False,False,,False,True,True,hovered,True,False,False,teacher_stop,50,33.9,10.7,10.7,5.6,37.8,blue_pad,,,,,,False,,,,,,,,,,
Teacher,validation,cv-8522-blue_pad-far_past,field,c,far,past,,Find the blue landing pad and land on it.,land,blue_pad,True,True,False,1,55,True,True,0,82,True,blue_pad,target,True,False,,True,True,True,blue_pad,True,True,False,landed,True,False,False,landed,58,32.8,0.0,0.5,2.6,39.1,blue_cube,0.49,0.0,0.0,True,True,True,True,True,True,True,True,True,1.5100255012512207,DISARMED,,
Teacher,validation,cv-8523-blue_pad-far_behind,lot,c,far,behind,,Find the blue landing pad and land on it.,land,blue_pad,True,True,False,1,59,True,True,0,168,True,blue_pad,target,True,False,,True,True,True,blue_pad,True,True,False,landed,True,False,False,landed,69,38.7,0.0,0.5,2.6,41.5,red_pad,0.55,0.36,0.03,True,True,True,True,True,True,True,True,True,1.5037693977355957,DISARMED,,
Teacher,validation,cv-8524-red_pad-far_red_visible,field,d,far,red_visible,,Find the red landing pad and land on it.,land,red_pad,True,True,True,1,59,True,True,0,17,True,red_pad,target,True,False,,True,True,True,red_pad,True,True,False,landed,True,False,False,landed,59,39.8,0.0,0.4,2.6,38.8,red_cube,0.4,0.0,0.0,True,True,True,True,True,True,True,True,True,1.5313961505889893,DISARMED,,
Teacher,validation,cv-8525-red_pad-far_red_search,lot,d,far,red_search,,Find the red landing pad and land on it.,land,red_pad,True,True,False,1,51,True,True,0,119,True,red_pad,target,True,False,,True,True,True,red_pad,True,True,False,landed,True,False,False,landed,57,32.5,0.5,0.5,2.6,36.5,green_cylinder,0.46,0.36,0.04,True,True,True,True,True,True,True,True,True,1.505990982055664,DISARMED,,
Teacher,test,ct-9500-blue_pad-near_visible,field,g,near,visible,,Find the blue landing pad and land on it.,land,blue_pad,True,True,True,1,35,True,True,0,3,True,blue_pad,target,True,False,,True,True,True,blue_pad,True,True,False,landed,True,False,False,landed,35,12.6,0.1,0.6,2.6,42.1,red_pad,0.64,0.37,0.01,True,True,True,True,True,True,True,True,True,1.5024282932281494,DISARMED,,
Teacher,test,ct-9500-blue_pad-near_visible-approach,field,g,near,approach,ct-9500-blue_pad-near_visible,Approach the blue landing pad.,approach,blue_pad,True,True,True,1,10,False,False,,1,True,blue_pad,target,True,False,,False,False,False,,False,True,True,hovered,True,False,False,teacher_stop,10,12.6,11.6,11.6,8.1,43.7,red_pad,,,,,,False,,,,,,,,,,
Teacher,test,ct-9501-blue_pad-near_search,lot,g,near,search,,Find the blue landing pad and land on it.,land,blue_pad,True,True,False,1,41,True,True,0,216,True,blue_pad,target,True,False,,True,True,True,blue_pad,True,True,False,landed,True,False,False,landed,54,14.7,0.1,0.7,2.6,30.9,red_pad,0.75,0.36,0.01,True,True,True,True,True,True,True,True,True,1.5138659477233887,DISARMED,,
Teacher,test,ct-9501-blue_pad-near_search-approach,lot,g,near,approach,ct-9501-blue_pad-near_search,Approach the blue landing pad.,approach,blue_pad,True,True,False,1,16,True,True,0,215,True,blue_pad,target,True,False,,False,False,False,,False,True,True,hovered,True,False,False,teacher_stop,29,14.7,11.2,11.2,8.0,30.9,red_pad,,,,,,False,,,,,,,,,,
Teacher,test,ct-9502-blue_pad-near_edge,field,h,near,edge,,Find the blue landing pad and land on it.,land,blue_pad,True,True,True,1,30,True,True,0,38,True,blue_pad,target,True,False,,True,True,True,blue_pad,True,True,False,landed,True,False,False,landed,30,12.3,0.3,0.3,2.6,42.1,red_pad,0.34,0.35,0.04,True,True,True,True,True,True,True,True,True,1.5143897533416748,DISARMED,,
Teacher,test,ct-9503-blue_pad-near_pair,lot,h,near,pair,,Find the blue landing pad and land on it.,land,blue_pad,True,True,True,1,35,True,True,0,22,True,blue_pad,target,True,False,,True,True,True,blue_pad,True,True,False,landed,True,False,False,landed,35,16.2,0.1,0.4,2.6,35.2,red_pad,0.35,0.0,0.0,True,True,True,True,True,True,True,True,True,1.487757921218872,DISARMED,,
Teacher,test,ct-9503-blue_pad-near_pair-swapped,lot,g,near,swap,ct-9503-blue_pad-near_pair,Find the blue landing pad and land on it.,land,blue_pad,True,True,False,1,56,True,True,0,217,True,blue_pad,target,True,False,,True,True,True,blue_pad,True,True,False,landed,True,False,False,landed,71,35.2,0.1,0.5,2.6,16.2,red_pad,0.49,0.0,0.0,True,True,True,True,True,True,True,True,True,1.4893825054168701,DISARMED,,
Teacher,test,ct-9503-blue_pad-near_pair-find-red_pad,lot,h,near,query,ct-9503-blue_pad-near_pair,Find the red landing pad.,approach,red_pad,True,True,False,1,34,True,True,0,214,True,red_pad,target,True,False,,False,False,False,,False,True,True,hovered,True,False,False,teacher_stop,49,35.2,10.6,10.6,5.8,16.2,blue_pad,,,,,,False,,,,,,,,,,
Teacher,test,ct-9504-blue_pad-near_past,field,i,near,past,,Find the blue landing pad and land on it.,land,blue_pad,True,True,False,1,37,True,True,0,81,True,blue_pad,target,True,False,,True,True,True,blue_pad,True,True,False,landed,True,False,False,landed,39,14.2,0.1,0.5,2.6,42.2,blue_cylinder,0.5,0.37,0.02,True,True,True,True,True,True,True,True,True,1.5035436153411865,DISARMED,,
Teacher,test,ct-9505-blue_pad-near_visible2,lot,i,near,visible2,,Find the blue landing pad and land on it.,land,blue_pad,True,True,True,1,39,True,True,0,12,True,blue_pad,target,True,False,,True,True,True,blue_pad,True,True,False,landed,True,False,False,landed,39,16.7,0.1,0.8,2.6,42.0,blue_cube,0.82,0.35,0.01,True,True,True,True,True,True,True,True,True,1.4896438121795654,DISARMED,,
Teacher,test,ct-9506-blue_pad-near_behind,field,j,near,behind,,Find the blue landing pad and land on it.,land,blue_pad,True,True,False,1,39,True,True,0,144,True,blue_pad,target,True,False,,True,True,True,blue_pad,True,True,False,landed,True,False,False,landed,47,16.4,0.0,0.6,2.6,41.1,blue_cylinder,0.62,0.37,0.01,True,True,True,True,True,True,True,True,True,1.4949889183044434,DISARMED,,
Teacher,test,ct-9507-blue_pad-near_pair2,lot,j,near,pair2,,Find the blue landing pad and land on it.,land,blue_pad,True,True,True,1,42,True,True,0,7,True,blue_pad,target,True,False,,True,True,True,blue_pad,True,True,False,landed,True,False,False,landed,42,17.6,0.2,1.0,2.6,39.5,blue_cube,1.03,0.36,0.0,True,True,True,True,True,True,True,True,True,1.5137581825256348,DISARMED,,
Teacher,test,ct-9507-blue_pad-near_pair2-swapped,lot,i,near,swap,ct-9507-blue_pad-near_pair2,Find the blue landing pad and land on it.,land,blue_pad,True,True,False,1,68,True,True,0,244,True,blue_pad,target,True,False,,True,True,True,blue_pad,True,True,False,landed,True,False,False,landed,90,39.6,0.1,1.2,2.6,17.6,blue_cube,1.16,0.36,0.0,True,True,True,True,True,True,True,True,True,1.496873378753662,DISARMED,,
Teacher,test,ct-9507-blue_pad-near_pair2-find-blue_cube,lot,j,near,query,ct-9507-blue_pad-near_pair2,Find the blue cube.,approach,blue_cube,True,True,False,1,39,True,True,0,245,True,blue_cube,target,True,False,,False,False,False,,False,True,True,hovered,True,False,False,teacher_stop,56,39.6,10.4,10.4,8.7,17.6,blue_pad,,,,,,False,,,,,,,,,,
Teacher,test,ct-9508-red_pad-near_red_visible,field,g,near,red_visible,,Find the red landing pad and land on it.,land,red_pad,True,True,True,1,29,True,True,0,16,True,red_pad,target,True,False,,True,True,True,red_pad,True,True,False,landed,True,False,False,landed,29,14.0,0.5,0.5,2.6,42.1,blue_pad,0.45,0.35,0.05,True,True,True,True,True,True,True,True,True,1.495654821395874,DISARMED,,
Teacher,test,ct-9509-red_pad-near_red_search,lot,g,near,red_search,,Find the red landing pad and land on it.,land,red_pad,True,True,False,1,42,True,True,0,98,True,red_pad,target,True,False,,True,True,True,red_pad,True,True,False,landed,True,False,False,landed,46,16.2,0.0,0.8,2.6,28.1,blue_pad,0.8,0.36,0.01,True,True,True,True,True,True,True,True,True,1.4972560405731201,DISARMED,,
Teacher,test,ct-9510-blue_pad-mid_visible,field,h,mid,visible,,Find the blue landing pad and land on it.,land,blue_pad,True,True,True,1,41,True,True,0,22,True,blue_pad,target,True,False,,True,True,True,blue_pad,True,True,False,landed,True,False,False,landed,41,25.3,0.8,0.8,2.6,27.3,blue_cone,0.83,0.0,0.0,True,True,True,True,True,True,True,True,True,1.5001325607299805,DISARMED,,
Teacher,test,ct-9510-blue_pad-mid_visible-approach,field,h,mid,approach,ct-9510-blue_pad-mid_visible,Approach the blue landing pad.,approach,blue_pad,True,True,True,1,22,True,True,0,20,True,blue_pad,target,True,False,,False,False,False,,False,True,True,hovered,True,False,False,teacher_stop,22,25.3,10.8,10.8,5.1,27.3,blue_cone,,,,,,False,,,,,,,,,,
Teacher,test,ct-9511-blue_pad-mid_search,lot,h,mid,search,,Find the blue landing pad and land on it.,land,blue_pad,True,True,False,1,51,True,True,0,202,True,blue_pad,target,True,False,,True,True,True,blue_pad,True,True,False,landed,True,False,False,landed,65,26.4,0.1,0.8,2.6,29.0,red_pad,0.78,0.36,0.01,True,True,True,True,True,True,True,True,True,1.5172762870788574,DISARMED,,
Teacher,test,ct-9511-blue_pad-mid_search-approach,lot,h,mid,approach,ct-9511-blue_pad-mid_search,Approach the blue landing pad.,approach,blue_pad,True,True,False,1,25,True,True,0,202,True,blue_pad,target,True,False,,False,False,False,,False,True,True,hovered,True,False,False,teacher_stop,39,26.4,10.5,10.5,8.1,29.0,red_pad,,,,,,False,,,,,,,,,,
Teacher,test,ct-9512-blue_pad-mid_edge,field,i,mid,edge,,Find the blue landing pad and land on it.,land,blue_pad,True,True,True,1,38,True,True,0,41,True,blue_pad,target,True,False,,True,True,True,blue_pad,True,True,False,landed,True,False,False,landed,38,21.9,0.9,0.9,2.6,43.1,blue_cylinder,0.86,0.36,0.06,True,True,True,True,True,True,True,True,True,1.489074468612671,DISARMED,,
Teacher,test,ct-9514-blue_pad-mid_pair,field,h,mid,pair,,Find the blue landing pad and land on it.,land,blue_pad,True,True,True,1,41,True,True,0,12,True,blue_pad,target,True,False,,True,True,True,blue_pad,True,True,False,landed,True,False,False,landed,41,25.0,0.4,0.4,2.6,26.6,red_pad,0.45,0.0,0.0,True,True,True,True,True,True,True,True,True,1.5048861503601074,DISARMED,,
Teacher,test,ct-9514-blue_pad-mid_pair-swapped,field,g,mid,swap,ct-9514-blue_pad-mid_pair,Find the blue landing pad and land on it.,land,blue_pad,True,True,False,1,44,True,True,0,104,True,blue_pad,target,True,False,,True,True,True,blue_pad,True,True,False,landed,True,False,False,landed,49,26.6,0.7,0.7,2.6,25.0,red_pad,0.71,0.0,0.0,True,True,True,True,True,True,True,True,True,1.4967758655548096,DISARMED,,
Teacher,test,ct-9514-blue_pad-mid_pair-find-red_pad,field,h,mid,query,ct-9514-blue_pad-mid_pair,Find the red landing pad.,approach,red_pad,True,True,False,1,25,True,True,0,100,True,red_pad,target,True,False,,False,False,False,,False,True,True,hovered,True,False,False,teacher_stop,30,26.6,10.8,10.8,5.3,25.0,blue_pad,,,,,,False,,,,,,,,,,
Teacher,test,ct-9515-blue_pad-mid_past,field,j,mid,past,,Find the blue landing pad and land on it.,land,blue_pad,True,True,False,1,52,True,True,0,74,True,blue_pad,target,True,False,,True,True,True,blue_pad,True,True,False,landed,True,False,False,landed,54,30.0,0.0,0.5,2.6,35.3,blue_cylinder,0.49,0.36,0.02,True,True,True,True,True,True,True,True,True,1.5072274208068848,DISARMED,,
Teacher,test,ct-9516-blue_pad-mid_visible2,lot,j,mid,visible2,,Find the blue landing pad and land on it.,land,blue_pad,True,True,True,1,45,True,True,0,3,True,blue_pad,target,True,False,,True,True,True,blue_pad,True,True,False,landed,True,False,False,landed,45,30.1,0.8,0.8,2.6,32.4,blue_cone,0.75,0.37,0.04,True,True,True,True,True,True,True,True,True,1.4903037548065186,DISARMED,,
Teacher,test,ct-9517-blue_pad-mid_behind,field,g,mid,behind,,Find the blue landing pad and land on it.,land,blue_pad,True,True,False,1,50,True,True,0,145,True,blue_pad,target,True,False,,True,True,True,blue_pad,True,True,False,landed,True,False,False,landed,58,27.8,0.0,0.5,2.6,41.6,red_pad,0.46,0.36,0.02,True,True,True,True,True,True,True,True,True,1.490323781967163,DISARMED,,
Teacher,test,ct-9518-blue_pad-mid_pair2,lot,i,mid,pair2,,Find the blue landing pad and land on it.,land,blue_pad,True,True,True,1,44,True,True,0,6,True,blue_pad,target,True,False,,True,True,True,blue_pad,True,True,False,landed,True,False,False,landed,50,26.5,0.1,0.9,2.6,29.9,blue_cube,0.93,0.35,0.01,True,True,True,True,True,True,True,True,True,1.5124619007110596,DISARMED,,
Teacher,test,ct-9518-blue_pad-mid_pair2-swapped,lot,j,mid,swap,ct-9518-blue_pad-mid_pair2,Find the blue landing pad and land on it.,land,blue_pad,True,True,False,1,50,True,True,0,96,True,blue_pad,target,True,False,,True,True,True,blue_pad,True,True,False,landed,True,False,False,landed,60,29.9,0.1,0.9,2.6,26.5,blue_cube,0.91,0.36,0.01,True,True,True,True,True,True,True,True,True,1.499112606048584,DISARMED,,
Teacher,test,ct-9518-blue_pad-mid_pair2-find-blue_cube,lot,i,mid,query,ct-9518-blue_pad-mid_pair2,Find the blue cube.,approach,blue_cube,True,True,False,1,28,True,True,0,94,True,blue_cube,target,True,False,,False,False,False,,False,True,True,hovered,True,False,False,teacher_stop,33,29.9,10.7,10.7,8.3,26.5,blue_pad,,,,,,False,,,,,,,,,,
Teacher,test,ct-9519-red_pad-mid_red_visible,field,h,mid,red_visible,,Find the red landing pad and land on it.,land,red_pad,True,True,True,1,56,True,True,0,14,True,red_pad,target,True,False,,True,True,True,red_pad,True,True,False,landed,True,False,False,landed,56,32.0,0.1,1.0,2.6,41.6,blue_pad,1.0,0.36,0.01,True,True,True,True,True,True,True,True,True,1.507920265197754,DISARMED,,
Teacher,test,ct-9520-red_pad-mid_red_search,lot,h,mid,red_search,,Find the red landing pad and land on it.,land,red_pad,True,True,False,1,47,True,True,0,85,True,red_pad,target,True,False,,True,True,True,red_pad,True,True,False,landed,True,False,False,landed,50,25.6,0.0,0.6,2.6,33.5,blue_pad,0.59,0.36,0.02,True,True,True,True,True,True,True,True,True,1.5010900497436523,DISARMED,,
Teacher,test,ct-9521-blue_pad-far_visible,field,i,far,visible,,Find the blue landing pad and land on it.,land,blue_pad,True,True,True,1,56,True,True,0,12,True,blue_pad,target,True,False,,True,True,True,blue_pad,True,True,False,landed,True,False,False,landed,56,33.4,0.0,0.8,2.6,41.8,blue_cylinder,0.76,0.35,0.01,True,True,True,True,True,True,True,True,True,1.5017733573913574,DISARMED,,
Teacher,test,ct-9521-blue_pad-far_visible-approach,field,i,far,approach,ct-9521-blue_pad-far_visible,Approach the blue landing pad.,approach,blue_pad,True,True,True,1,31,True,True,0,11,True,blue_pad,target,True,False,,False,False,False,,False,True,True,hovered,True,False,False,teacher_stop,31,33.4,10.5,10.5,7.5,52.8,blue_cylinder,,,,,,False,,,,,,,,,,
Teacher,test,ct-9522-blue_pad-far_search,lot,i,far,search,,Find the blue landing pad and land on it.,land,blue_pad,True,True,False,1,61,True,True,0,256,True,blue_pad,target,True,False,,True,True,True,blue_pad,True,True,False,landed,True,False,False,landed,79,43.9,0.7,0.7,2.6,41.6,blue_cube,0.69,0.36,0.04,True,True,True,True,True,True,True,True,True,1.5025970935821533,DISARMED,,
Teacher,test,ct-9522-blue_pad-far_search-approach,lot,i,far,approach,ct-9522-blue_pad-far_search,Approach the blue landing pad.,approach,blue_pad,True,True,False,1,42,True,True,0,253,True,blue_pad,target,True,False,,False,False,False,,False,True,True,hovered,True,False,False,teacher_stop,60,43.9,10.8,10.8,5.5,41.9,blue_cube,,,,,,False,,,,,,,,,,
Teacher,test,ct-9523-blue_pad-far_edge,field,j,far,edge,,Find the blue landing pad and land on it.,land,blue_pad,True,True,True,1,50,True,True,0,41,True,blue_pad,target,True,False,,True,True,True,blue_pad,True,True,False,landed,True,False,False,landed,55,33.0,0.0,0.7,2.6,10.2,blue_cylinder,0.66,0.37,0.01,True,True,True,True,True,True,True,True,True,1.493281364440918,DISARMED,,
Teacher,test,ct-9524-blue_pad-far_pair,lot,h,far,pair,,Find the blue landing pad and land on it.,land,blue_pad,True,True,True,1,60,True,True,0,6,True,blue_pad,target,True,False,,True,True,True,blue_pad,True,True,False,landed,True,False,False,landed,60,41.1,0.0,0.5,2.6,23.6,red_pad,0.55,0.36,0.02,True,True,True,True,True,True,True,True,True,1.5050804615020752,DISARMED,,
Teacher,test,ct-9524-blue_pad-far_pair-swapped,lot,g,far,swap,ct-9524-blue_pad-far_pair,Find the blue landing pad and land on it.,land,blue_pad,True,True,False,1,45,True,True,0,77,True,blue_pad,target,True,False,,True,True,True,blue_pad,True,True,False,landed,True,False,False,landed,48,24.3,0.1,0.4,2.6,39.9,red_pad,0.45,0.35,0.02,True,True,True,True,True,True,True,True,True,1.502866506576538,DISARMED,,
Teacher,test,ct-9524-blue_pad-far_pair-find-red_pad,lot,h,far,query,ct-9524-blue_pad-far_pair,Find the red landing pad.,approach,red_pad,True,True,False,1,23,True,True,0,75,True,red_pad,target,True,False,,False,False,False,,False,True,True,hovered,True,False,False,teacher_stop,26,24.3,10.6,10.6,5.9,39.9,blue_pad,,,,,,False,,,,,,,,,,
Teacher,test,ct-9525-blue_pad-far_past,field,g,far,past,,Find the blue landing pad and land on it.,land,blue_pad,True,True,False,1,54,True,True,0,98,True,blue_pad,target,True,False,,True,True,True,blue_pad,True,True,False,landed,True,False,False,landed,58,37.3,0.8,0.8,2.6,33.5,red_pad,0.85,0.35,0.06,True,True,True,True,True,True,True,True,True,1.5057785511016846,DISARMED,,
Teacher,test,ct-9526-blue_pad-far_visible2,lot,g,far,visible2,,Find the blue landing pad and land on it.,land,blue_pad,True,True,True,1,60,True,True,0,15,True,blue_pad,target,True,False,,True,True,True,blue_pad,True,True,False,landed,True,False,False,landed,60,41.0,0.1,0.5,2.6,40.7,blue_cone,0.46,0.36,0.02,True,True,True,True,True,True,True,True,True,1.5140202045440674,DISARMED,,
Teacher,test,ct-9527-blue_pad-far_behind,field,h,far,behind,,Find the blue landing pad and land on it.,land,blue_pad,True,True,False,1,61,True,True,0,146,True,blue_pad,target,True,False,,True,True,True,blue_pad,True,True,False,landed,True,False,False,landed,69,42.8,0.5,0.5,2.6,20.9,blue_cone,0.47,0.0,0.0,True,True,True,True,True,True,True,True,True,1.5067307949066162,DISARMED,,
Teacher,test,ct-9528-blue_pad-far_pair2,lot,j,far,pair2,,Find the blue landing pad and land on it.,land,blue_pad,True,True,True,1,58,True,True,0,19,True,blue_pad,target,True,False,,True,True,True,blue_pad,True,True,False,landed,True,False,False,landed,64,41.6,0.0,0.8,2.6,31.9,blue_cube,0.78,0.35,0.01,True,True,True,True,True,True,True,True,True,1.5032892227172852,DISARMED,,
Teacher,test,ct-9528-blue_pad-far_pair2-swapped,lot,i,far,swap,ct-9528-blue_pad-far_pair2,Find the blue landing pad and land on it.,land,blue_pad,True,True,False,1,59,True,True,0,77,True,blue_pad,target,True,False,,True,True,True,blue_pad,True,True,False,landed,True,False,False,landed,62,34.9,0.1,0.9,2.6,37.9,blue_cube,0.88,0.36,0.01,True,True,True,True,True,True,True,True,True,1.5046274662017822,DISARMED,,
Teacher,test,ct-9528-blue_pad-far_pair2-find-blue_cube,lot,j,far,query,ct-9528-blue_pad-far_pair2,Find the blue cube.,approach,blue_cube,True,True,False,1,34,True,True,0,78,True,blue_cube,target,True,False,,False,False,False,,False,True,True,hovered,True,False,False,teacher_stop,37,34.9,10.5,10.5,7.7,37.9,blue_pad,,,,,,False,,,,,,,,,,
Teacher,test,ct-9529-red_pad-far_red_visible,field,i,far,red_visible,,Find the red landing pad and land on it.,land,red_pad,True,True,True,1,55,True,True,0,13,True,red_pad,target,True,False,,True,True,True,red_pad,True,True,False,landed,True,False,False,landed,55,35.1,0.1,0.5,2.6,16.8,green_cylinder,0.53,0.35,0.02,True,True,True,True,True,True,True,True,True,1.5036811828613281,DISARMED,,
Teacher,test,ct-9530-red_pad-far_red_search,lot,i,far,red_search,,Find the red landing pad and land on it.,land,red_pad,True,True,False,1,62,True,True,0,90,True,red_pad,target,True,False,,True,True,True,red_pad,True,True,False,landed,True,False,False,landed,66,37.0,0.0,0.8,2.6,41.8,red_cube,0.84,0.36,0.01,True,True,True,True,True,True,True,True,True,1.5089168548583984,DISARMED,,
