start,band,task,same_color,same_shape,initially_invisible,clean,low,medium,high,onset,non_monotonic,repeat_clean,repeat_low,repeat_medium,repeat_high
ct-9500-blue_pad-near_visible,near,land,False,True,False,S,S,F_TOUCHDOWN,F_DESCENT,MEDIUM,False,,,,
ct-9500-blue_pad-near_visible-approach,near,approach,False,True,False,S,S,S,S,NONE,False,S,S,S,S
ct-9501-blue_pad-near_search,near,land,False,True,True,S,S,F_ALIGNMENT,F_SEARCH,MEDIUM,False,,,,
ct-9501-blue_pad-near_search-approach,near,approach,False,True,True,S,S,S,S,NONE,False,,,,
ct-9502-blue_pad-near_edge,near,land,False,True,False,S,S,S,F_ALIGNMENT,HIGH,False,S,S,S,F_ALIGNMENT
ct-9503-blue_pad-near_pair,near,land,False,True,False,S,S,S,F_ALIGNMENT,HIGH,False,S,S,F_DESCENT,F_ALIGNMENT
ct-9503-blue_pad-near_pair-swapped,near,land,False,True,True,S,S,F_GROUNDING,F_ALIGNMENT,MEDIUM,False,S,S,F_ALIGNMENT,F_GROUNDING
ct-9503-blue_pad-near_pair-find-red_pad,near,approach,False,True,True,S,S,S,F_TIMEOUT,HIGH,False,,,,
ct-9504-blue_pad-near_past,near,land,True,False,True,S,S,F_ALIGNMENT,F_GROUNDING,MEDIUM,False,,,,
ct-9505-blue_pad-near_visible2,near,land,True,False,False,S,S,S,F_GROUNDING,HIGH,False,S,S,S,F_GROUNDING
ct-9506-blue_pad-near_behind,near,land,True,False,True,S,S,F_ALIGNMENT,F_ALIGNMENT,MEDIUM,False,,,,
ct-9507-blue_pad-near_pair2,near,land,True,False,False,S,S,S,F_DESCENT,HIGH,False,S,S,S,F_DESCENT
ct-9507-blue_pad-near_pair2-swapped,near,land,True,False,True,S,F_SEARCH,F_SEARCH,F_SEARCH,LOW,False,,,,
ct-9507-blue_pad-near_pair2-find-blue_cube,near,approach,True,False,True,F_SEARCH,F_SEARCH,F_SEARCH,F_SEARCH,CLEAN,False,,,,
ct-9508-red_pad-near_red_visible,near,land,False,True,False,S,S,S,F_GROUNDING,HIGH,False,S,S,S,F_GROUNDING
ct-9509-red_pad-near_red_search,near,land,False,True,True,S,S,F_ALIGNMENT,F_ALIGNMENT,MEDIUM,False,,,,
ct-9510-blue_pad-mid_visible,mid,land,False,True,False,S,S,S,F_ALIGNMENT,HIGH,False,,,,
ct-9510-blue_pad-mid_visible-approach,mid,approach,False,True,False,S,S,S,S,NONE,False,,,,
ct-9511-blue_pad-mid_search,mid,land,False,True,True,S,S,F_ALIGNMENT,F_ALIGNMENT,MEDIUM,False,S,S,F_ALIGNMENT,F_ALIGNMENT
ct-9511-blue_pad-mid_search-approach,mid,approach,False,True,True,S,S,S,S,NONE,False,,,,
ct-9512-blue_pad-mid_edge,mid,land,True,False,False,S,S,F_ALIGNMENT,F_ALIGNMENT,MEDIUM,False,,,,
ct-9514-blue_pad-mid_pair,mid,land,False,True,False,S,S,F_TOUCHDOWN,F_DESCENT,MEDIUM,False,,,,
ct-9514-blue_pad-mid_pair-swapped,mid,land,False,True,True,S,S,S,F_GROUNDING,HIGH,False,,,,
ct-9514-blue_pad-mid_pair-find-red_pad,mid,approach,False,True,True,S,S,S,S,NONE,False,,,,
ct-9515-blue_pad-mid_past,mid,land,True,False,True,S,S,F_GROUNDING,F_GROUNDING,MEDIUM,False,,,,
ct-9516-blue_pad-mid_visible2,mid,land,True,False,False,S,S,F_APPROACH,F_GROUNDING,MEDIUM,False,,,,
ct-9517-blue_pad-mid_behind,mid,land,False,True,True,S,S,F_APPROACH,F_GROUNDING,MEDIUM,False,,,,
ct-9518-blue_pad-mid_pair2,mid,land,True,False,False,S,S,S,F_DESCENT,HIGH,False,,,,
ct-9518-blue_pad-mid_pair2-swapped,mid,land,True,False,True,S,F_SEARCH,F_SEARCH,F_SEARCH,LOW,False,,,,
ct-9518-blue_pad-mid_pair2-find-blue_cube,mid,approach,True,False,True,S,F_SEARCH,F_SEARCH,F_SEARCH,LOW,False,,,,
ct-9519-red_pad-mid_red_visible,mid,land,False,True,False,S,S,S,F_ALIGNMENT,HIGH,False,,,,
ct-9520-red_pad-mid_red_search,mid,land,False,True,True,S,S,S,F_ALIGNMENT,HIGH,False,,,,
ct-9521-blue_pad-far_visible,far,land,True,False,False,S,S,F_DESCENT,F_DESCENT,MEDIUM,False,,,,
ct-9521-blue_pad-far_visible-approach,far,approach,True,False,False,S,S,S,S,NONE,False,S,S,S,S
ct-9522-blue_pad-far_search,far,land,True,False,True,S,F_GROUNDING,F_GROUNDING,F_SEARCH,LOW,False,,,,
ct-9522-blue_pad-far_search-approach,far,approach,True,False,True,S,F_GROUNDING,F_GROUNDING,F_GROUNDING,LOW,False,S,F_GROUNDING,F_GROUNDING,F_GROUNDING
ct-9523-blue_pad-far_edge,far,land,True,False,False,S,S,S,F_ALIGNMENT,HIGH,False,,,,
ct-9524-blue_pad-far_pair,far,land,False,True,False,S,S,S,F_GROUNDING,HIGH,False,,,,
ct-9524-blue_pad-far_pair-swapped,far,land,False,True,True,S,S,F_ALIGNMENT,F_ALIGNMENT,MEDIUM,False,S,S,F_ALIGNMENT,F_ALIGNMENT
ct-9524-blue_pad-far_pair-find-red_pad,far,approach,False,True,True,S,S,S,S,NONE,False,,,,
ct-9525-blue_pad-far_past,far,land,False,True,True,S,S,S,F_GROUNDING,HIGH,False,,,,
ct-9526-blue_pad-far_visible2,far,land,False,True,False,S,S,S,F_APPROACH,HIGH,False,,,,
ct-9527-blue_pad-far_behind,far,land,False,True,True,F_GROUNDING,S,F_GROUNDING,F_GROUNDING,CLEAN,True,,,,
ct-9528-blue_pad-far_pair2,far,land,True,False,False,S,S,F_GROUNDING,F_GROUNDING,MEDIUM,False,,,,
ct-9528-blue_pad-far_pair2-swapped,far,land,True,False,True,S,F_GROUNDING,F_SEARCH,F_GROUNDING,LOW,False,,,,
ct-9528-blue_pad-far_pair2-find-blue_cube,far,approach,True,False,True,S,S,S,S,NONE,False,,,,
ct-9529-red_pad-far_red_visible,far,land,True,False,False,S,S,S,F_ALIGNMENT,HIGH,False,S,S,S,F_ALIGNMENT
ct-9530-red_pad-far_red_search,far,land,True,False,True,S,F_SEARCH,F_SEARCH,F_SEARCH,LOW,False,,,,
