model,set,episode,map,layout,band,role,twin_of,instruction,task,target,success,acquired,initially_visible,views,decisions_in_view,grounded,grounded_on_first_view,views_before_grounding,turns_deg,approached,selected,selected_relation,correct_target,wrong_target,wrong_object,aligned,descent_started,landed,landed_on,touchdown_on_target,self_stop,hovered,terminal,terminal_as_asked,collision,timeout,reason,steps,initial_distance_m,minimum_distance_m,final_distance_m,final_height_m,nearest_other_m,nearest_other,touchdown_error_m,touchdown_vertical_mps,touchdown_horizontal_mps,touchdown_inside,touchdown_soft,finalizer_active,touchdown_success,stable_physical_landing,system_landing,physical_landing,evaluator,finalizer_rescued_success,strict_policy_zero_action,finalizer_triggered,disarm_triggered,stable_duration_s,finalizer_state,failure,mechanism
OFT Gen-v3c,validation,v3c-22000-blue_pad-near_visible,field,p,near,visible,,Find the blue landing pad and land on it.,land,blue_pad,True,True,True,1,36,True,True,0,1,True,blue_pad,target,True,False,,True,True,True,blue_pad,True,True,False,landed,True,False,False,landed,36,17.0,0.0,1.4,2.5,36.5,red_pad,1.36,0.61,0.03,True,True,True,True,True,True,True,canonical_evaluator_v2,False,True,True,True,1.0544774532318115,DISARMED,,
OFT Gen-v3c,validation,v3c-22000-blue_pad-near_visible-approach,field,p,near,approach,v3c-22000-blue_pad-near_visible,Approach the blue landing pad.,approach,blue_pad,True,True,True,1,12,True,True,0,0,True,blue_pad,target,True,False,,False,False,False,,False,True,True,hovered,True,False,False,model_stop,12,17.0,11.3,11.3,6.5,36.5,red_pad,,,,,,False,,,,,,,,,,,,,
OFT Gen-v3c,validation,v3c-22001-blue_pad-near_search,lot,p,near,search,,Find the blue landing pad and land on it.,land,blue_pad,True,True,False,1,40,True,True,0,348,True,blue_pad,target,True,False,,False,True,True,blue_pad,True,True,False,landed,True,False,False,landed,63,13.7,3.5,3.9,2.6,45.3,red_pad,3.89,0.57,0.01,True,True,True,True,True,True,True,canonical_evaluator_v2,False,True,True,True,1.5416555404663086,DISARMED,,
OFT Gen-v3c,validation,v3c-22008-blue_pad-mid_visible,lot,r,mid,visible,,Find the blue landing pad and land on it.,land,blue_pad,True,True,True,1,42,True,True,0,1,True,blue_pad,target,True,False,,True,True,True,blue_pad,True,True,False,landed,True,False,False,landed,51,30.5,1.5,2.4,2.6,40.2,blue_cone,2.36,0.62,0.02,True,True,True,True,True,True,True,canonical_evaluator_v2,False,True,True,True,1.0777926445007324,DISARMED,,
OFT Gen-v3c,validation,v3c-22008-blue_pad-mid_visible-approach,lot,r,mid,approach,v3c-22008-blue_pad-mid_visible,Approach the blue landing pad.,approach,blue_pad,True,True,True,1,25,True,True,0,1,True,blue_pad,target,True,False,,False,False,False,,False,True,True,hovered,True,False,False,model_stop,25,30.5,11.1,11.1,7.4,52.7,blue_cone,,,,,,False,,,,,,,,,,,,,
OFT Gen-v3c,validation,v3c-22009-blue_pad-mid_search,field,q,mid,search,,Find the blue landing pad and land on it.,land,blue_pad,True,True,False,1,50,True,True,0,291,True,blue_pad,target,True,False,,True,True,True,blue_pad,True,True,False,landed,True,False,False,landed,83,29.9,2.1,2.6,2.6,42.2,blue_cone,2.56,0.65,0.01,True,True,True,True,True,True,True,canonical_evaluator_v2,False,True,True,True,1.5246586799621582,DISARMED,,
OFT Gen-v3c,validation,v3c-22015-red_pad-mid_red_visible,field,r,mid,red_visible,,Find the red landing pad and land on it.,land,red_pad,True,True,True,1,46,True,True,0,1,True,red_pad,target,True,False,,True,True,True,red_pad,True,True,False,landed,True,False,False,landed,46,31.3,2.5,2.6,2.5,30.1,red_cube,2.6,0.58,0.07,True,True,True,True,True,True,True,canonical_evaluator_v2,False,True,True,True,1.6431927680969238,DISARMED,,
OFT Gen-v3c,validation,v3c-22016-blue_pad-far_visible,field,s,far,visible,,Find the blue landing pad and land on it.,land,blue_pad,True,True,True,1,57,True,True,0,1,True,blue_pad,target,True,False,,True,True,True,blue_pad,True,True,False,landed,True,False,False,landed,57,32.6,0.3,1.5,2.5,42.3,blue_cube,1.46,0.61,0.01,True,True,True,True,True,True,True,canonical_evaluator_v2,False,True,True,True,1.5463294982910156,DISARMED,,
OFT Gen-v3c,validation,v3c-22016-blue_pad-far_visible-approach,field,s,far,approach,v3c-22016-blue_pad-far_visible,Approach the blue landing pad.,approach,blue_pad,True,True,True,1,27,True,True,0,1,True,blue_pad,target,True,False,,False,False,False,,False,True,True,hovered,True,False,False,model_stop,27,32.6,12.2,12.2,8.6,48.3,blue_cube,,,,,,False,,,,,,,,,,,,,
OFT Gen-v3c,validation,v3c-22017-blue_pad-far_search,lot,s,far,search,,Find the blue landing pad and land on it.,land,blue_pad,True,True,False,1,52,True,True,0,232,True,blue_pad,target,True,False,,True,True,True,blue_pad,True,True,False,landed,True,False,False,landed,75,33.2,3.1,3.5,2.6,39.7,blue_cone,3.53,0.62,0.02,True,True,True,True,True,True,True,canonical_evaluator_v2,False,True,True,True,1.0330305099487305,DISARMED,,
OFT Gen-v3c,validation,v3c-22001-blue_pad-near_search-approach,lot,p,near,approach,v3c-22001-blue_pad-near_search,Approach the blue landing pad.,approach,blue_pad,True,True,False,1,10,False,False,,345,True,blue_pad,target,True,False,,False,False,False,,False,True,True,hovered,True,False,False,model_stop,33,13.7,13.7,13.7,6.7,49.2,red_pad,,,,,,False,,,,,,,,,,,,,
OFT Gen-v3c,validation,v3c-22002-blue_pad-near_edge,field,q,near,edge,,Find the blue landing pad and land on it.,land,blue_pad,True,True,True,1,44,True,True,0,34,True,blue_pad,target,True,False,,True,True,True,blue_pad,True,True,False,landed,True,False,False,landed,44,19.1,2.2,2.5,2.5,39.5,blue_cone,2.51,0.63,0.01,True,True,True,True,True,True,True,canonical_evaluator_v2,False,True,True,True,1.549004077911377,DISARMED,,
OFT Gen-v3c,validation,v3c-22003-blue_pad-near_past_color,field,r,near,past_color,,Find the blue landing pad and land on it.,land,blue_pad,True,True,False,1,30,True,True,0,145,True,blue_pad,target,True,False,,False,True,True,blue_pad,True,True,False,landed,True,False,False,landed,45,13.9,3.6,3.9,2.6,32.4,blue_cube,3.86,0.61,0.04,True,True,True,True,True,True,True,canonical_evaluator_v2,False,True,True,True,1.503352165222168,DISARMED,,
OFT Gen-v3c,validation,v3c-22004-blue_pad-near_past_shape,field,p,near,past_shape,,Find the blue landing pad and land on it.,land,blue_pad,True,True,False,1,47,True,True,0,338,True,blue_pad,target,True,False,,True,True,True,blue_pad,True,True,False,landed,True,False,False,landed,69,19.8,1.9,2.1,2.5,31.2,red_pad,2.14,0.57,0.01,True,True,True,True,True,True,True,canonical_evaluator_v2,False,True,True,True,1.560053825378418,DISARMED,,
OFT Gen-v3c,validation,v3c-22005-blue_pad-near_pair,lot,r,near,pair,,Find the blue landing pad and land on it.,land,blue_pad,True,True,True,1,24,True,True,0,1,True,blue_pad,target,True,False,,True,True,True,blue_pad,True,True,False,landed,True,False,False,landed,33,14.9,1.4,2.1,2.6,37.7,blue_cone,2.08,0.62,0.07,True,True,True,True,True,True,True,canonical_evaluator_v2,False,True,True,True,1.5046181678771973,DISARMED,,
OFT Gen-v3c,validation,v3c-22005-blue_pad-near_pair-swapped,lot,s,near,swap,v3c-22005-blue_pad-near_pair,Find the blue landing pad and land on it.,land,blue_pad,False,False,False,0,0,False,False,,1,False,blue_cone,same colour,False,True,blue_cone,False,False,False,,False,True,True,hovered,False,False,False,model_stop,29,37.7,37.7,39.9,5.2,3.6,blue_cone,,,,,,True,False,False,False,False,canonical_evaluator_v2,False,False,False,False,,FLYING,SEARCH,stopped by itself
OFT Gen-v3c,validation,v3c-22005-blue_pad-near_pair-find-blue_cone,lot,r,near,query,v3c-22005-blue_pad-near_pair,Find the blue cone.,approach,blue_cone,True,True,False,2,36,True,False,1,153,True,blue_cone,target,True,False,,False,False,False,,False,True,True,hovered,True,False,False,model_stop,46,37.7,9.7,9.7,5.3,14.9,blue_pad,,,,,,False,,,,,,,,,,,,,
OFT Gen-v3c,validation,v3c-22006-red_pad-near_red_past,field,s,near,red_past,,Find the red landing pad and land on it.,land,red_pad,True,True,False,1,43,True,True,0,218,True,red_pad,target,True,False,,True,True,True,red_pad,True,True,False,landed,True,False,False,landed,55,15.6,2.4,2.8,2.5,26.4,red_cube,2.77,0.59,0.01,True,True,True,True,True,True,True,canonical_evaluator_v2,False,True,True,True,1.5664763450622559,DISARMED,,
OFT Gen-v3c,validation,v3c-22007-red_pad-near_red_visible,lot,s,near,red_visible,,Find the red landing pad and land on it.,land,red_pad,True,True,True,1,42,True,True,0,1,True,red_pad,target,True,False,,True,True,True,red_pad,True,True,False,landed,True,False,False,landed,42,17.7,1.6,2.1,2.5,40.3,green_cylinder,2.12,0.6,0.01,True,True,True,True,True,True,True,canonical_evaluator_v2,False,True,True,True,1.5187108516693115,DISARMED,,
OFT Gen-v3c,validation,v3c-22009-blue_pad-mid_search-approach,field,q,mid,approach,v3c-22009-blue_pad-mid_search,Approach the blue landing pad.,approach,blue_pad,True,True,False,1,29,True,True,0,300,True,blue_pad,target,True,False,,False,False,False,,False,True,True,hovered,True,False,False,model_stop,48,29.9,12.8,12.8,8.7,52.6,blue_cone,,,,,,False,,,,,,,,,,,,,
OFT Gen-v3c,validation,v3c-22010-blue_pad-mid_edge,lot,q,mid,edge,,Find the blue landing pad and land on it.,land,blue_pad,True,True,True,1,54,True,True,0,37,True,blue_pad,target,True,False,,True,True,True,blue_pad,True,True,False,landed,True,False,False,landed,54,30.7,2.4,3.1,2.6,42.8,red_pad,3.07,0.61,0.03,True,True,True,True,True,True,True,canonical_evaluator_v2,False,True,True,True,1.5476031303405762,DISARMED,,
OFT Gen-v3c,validation,v3c-22011-blue_pad-mid_past_color,lot,r,mid,past_color,,Find the blue landing pad and land on it.,land,blue_pad,False,False,False,0,0,False,False,,30,False,blue_cone,same colour,False,True,blue_cone,False,False,False,,False,True,True,hovered,False,False,False,model_stop,28,24.2,24.2,37.1,8.5,6.6,blue_cone,,,,,,True,False,False,False,False,canonical_evaluator_v2,False,False,False,False,,FLYING,SEARCH,stopped by itself
OFT Gen-v3c,validation,v3c-22012-blue_pad-mid_past_shape,lot,p,mid,past_shape,,Find the blue landing pad and land on it.,land,blue_pad,False,False,False,0,0,False,False,,46,False,red_pad,same shape,False,True,red_pad,False,False,True,red_pad,False,True,False,landed,True,False,False,landed,42,29.5,29.5,42.7,2.6,1.1,red_pad,1.95,0.59,0.01,True,True,True,False,False,False,True,canonical_evaluator_v2,False,False,True,True,1.6147236824035645,DISARMED,SEARCH,stopped by itself
OFT Gen-v3c,validation,v3c-22013-blue_pad-mid_pair,field,s,mid,pair,,Find the blue landing pad and land on it.,land,blue_pad,True,True,True,1,46,True,True,0,1,True,blue_pad,target,True,False,,True,True,True,blue_pad,True,True,False,landed,True,False,False,landed,46,25.9,0.8,1.5,2.6,18.5,blue_cube,1.48,0.62,0.04,True,True,True,True,True,True,True,canonical_evaluator_v2,False,True,True,True,1.4972898960113525,DISARMED,,
OFT Gen-v3c,validation,v3c-22013-blue_pad-mid_pair-swapped,field,r,mid,swap,v3c-22013-blue_pad-mid_pair,Find the blue landing pad and land on it.,land,blue_pad,True,True,False,1,46,True,True,0,246,True,blue_pad,target,True,False,,True,True,True,blue_pad,True,True,False,landed,True,False,False,landed,68,18.5,2.5,2.6,2.5,18.6,blue_cube,2.58,0.63,0.07,True,True,True,True,True,True,True,canonical_evaluator_v2,False,True,True,True,1.5376834869384766,DISARMED,,
OFT Gen-v3c,validation,v3c-22013-blue_pad-mid_pair-find-blue_cube,field,s,mid,query,v3c-22013-blue_pad-mid_pair,Find the blue cube.,approach,blue_cube,True,True,False,1,18,True,True,0,232,True,blue_cube,target,True,False,,False,False,False,,False,True,True,hovered,True,False,False,model_stop,33,18.5,10.8,10.8,5.8,25.9,blue_pad,,,,,,False,,,,,,,,,,,,,
OFT Gen-v3c,validation,v3c-22014-red_pad-mid_red_past,lot,r,mid,red_past,,Find the red landing pad and land on it.,land,red_pad,True,True,False,1,40,True,True,0,205,True,red_pad,target,True,False,,True,True,True,red_pad,True,False,False,landed,True,False,False,landed,78,28.0,2.0,2.4,2.6,31.7,red_cube,2.41,0.59,0.06,True,True,True,True,True,True,True,canonical_evaluator_v2,True,False,True,True,1.6325061321258545,DISARMED,,
OFT Gen-v3c,validation,v3c-22017-blue_pad-far_search-approach,lot,s,far,approach,v3c-22017-blue_pad-far_search,Approach the blue landing pad.,approach,blue_pad,True,True,False,1,33,True,True,0,237,True,blue_pad,target,True,False,,False,False,False,,False,True,True,hovered,True,False,False,model_stop,47,33.2,11.7,11.7,7.3,52.7,blue_cone,,,,,,False,,,,,,,,,,,,,
OFT Gen-v3c,validation,v3c-22018-blue_pad-far_edge,field,r,far,edge,,Find the blue landing pad and land on it.,land,blue_pad,True,True,True,2,56,True,False,1,45,True,blue_pad,target,True,False,,True,True,True,blue_pad,True,True,False,landed,True,False,False,landed,60,36.7,3.3,3.3,2.5,40.1,blue_cube,3.31,0.61,0.04,True,True,True,True,True,True,True,canonical_evaluator_v2,False,True,True,True,1.512204885482788,DISARMED,,
OFT Gen-v3c,validation,v3c-22019-blue_pad-far_past_color,field,p,far,past_color,,Find the blue landing pad and land on it.,land,blue_pad,True,True,False,1,62,True,True,0,109,True,blue_pad,target,True,False,,True,True,True,blue_pad,True,True,False,landed,True,False,False,landed,66,36.3,1.3,1.8,2.5,40.6,blue_cone,1.77,0.6,0.02,True,True,True,True,True,True,True,canonical_evaluator_v2,False,True,True,True,1.5605137348175049,DISARMED,,
OFT Gen-v3c,validation,v3c-22020-blue_pad-far_past_shape,lot,q,far,past_shape,,Find the blue landing pad and land on it.,land,blue_pad,True,True,False,1,60,True,True,0,399,True,blue_pad,target,True,False,,True,True,True,blue_pad,True,True,False,landed,True,False,False,landed,90,33.1,2.6,2.9,2.5,31.4,red_pad,2.88,0.6,0.01,True,True,True,True,True,True,True,canonical_evaluator_v2,False,True,True,True,1.5367918014526367,DISARMED,,
OFT Gen-v3c,validation,v3c-22026-blue_pad-far_pair,lot,q,far,pair,,Find the blue landing pad and land on it.,land,blue_pad,True,True,True,1,59,True,True,0,1,True,blue_pad,target,True,False,,True,True,True,blue_pad,True,True,False,landed,True,False,False,landed,59,41.2,3.3,3.7,2.6,28.5,red_pad,3.72,0.58,0.03,True,True,True,True,True,True,True,canonical_evaluator_v2,False,True,True,True,1.5847115516662598,DISARMED,,
OFT Gen-v3c,validation,v3c-22026-blue_pad-far_pair-swapped,lot,p,far,swap,v3c-22026-blue_pad-far_pair,Find the blue landing pad and land on it.,land,blue_pad,True,True,False,1,53,True,True,0,97,True,blue_pad,target,True,False,,True,True,True,blue_pad,True,True,False,landed,True,False,False,landed,56,31.6,2.5,2.5,2.5,37.1,red_pad,2.55,0.61,0.05,True,True,True,True,True,True,True,canonical_evaluator_v2,False,True,True,True,1.5275764465332031,DISARMED,,
OFT Gen-v3c,validation,v3c-22026-blue_pad-far_pair-find-red_pad,lot,q,far,query,v3c-22026-blue_pad-far_pair,Find the red landing pad.,approach,red_pad,True,True,False,1,32,True,True,0,104,True,red_pad,target,True,False,,False,False,False,,False,True,True,hovered,True,False,False,model_stop,35,31.6,11.0,11.0,5.1,38.3,blue_pad,,,,,,False,,,,,,,,,,,,,
OFT Gen-v3c,validation,v3c-22027-red_pad-far_red_past,lot,p,far,red_past,,Find the red landing pad and land on it.,land,red_pad,True,True,False,1,62,True,True,0,121,True,red_pad,target,True,False,,True,True,True,red_pad,True,True,False,landed,True,False,False,landed,67,38.0,0.5,1.7,2.6,39.3,blue_pad,1.73,0.6,0.02,True,True,True,True,True,True,True,canonical_evaluator_v2,False,True,True,True,1.5541057586669922,DISARMED,,
OFT Gen-v3c,validation,v3c-22028-red_pad-far_red_visible,field,p,far,red_visible,,Find the red landing pad and land on it.,land,red_pad,True,True,True,1,55,True,True,0,1,True,red_pad,target,True,False,,True,True,True,red_pad,True,True,False,landed,True,False,False,landed,55,36.4,3.0,3.0,2.6,50.5,blue_pad,2.96,0.63,0.03,True,True,True,True,True,True,True,canonical_evaluator_v2,False,True,True,True,1.508105754852295,DISARMED,,
OFT Gen-v3c,pilot,pilot-21500-blue_pad-color_first,field,t,far,color_first,,Find the blue landing pad and land on it.,land,blue_pad,True,True,False,1,62,True,True,0,121,True,blue_pad,target,True,False,,True,True,True,blue_pad,True,True,False,landed,True,False,False,landed,69,38.7,0.7,1.6,2.5,35.8,blue_cube,1.57,0.64,0.04,True,True,True,True,True,True,True,canonical_evaluator_v2,False,True,True,True,1.5134923458099365,DISARMED,,
OFT Gen-v3c,pilot,pilot-21501-red_pad-color_first,field,t,mid,color_first,,Find the red landing pad and land on it.,land,red_pad,False,False,False,0,0,False,False,,31,False,red_cube,same colour,False,True,red_cube,False,False,False,,False,True,True,hovered,False,False,False,model_stop,46,30.8,30.8,46.1,6.8,5.5,red_cube,,,,,,True,False,False,False,False,canonical_evaluator_v2,False,False,False,False,,FLYING,SEARCH,stopped by itself
OFT Gen-v3c,pilot,pilot-21502-blue_pad-color_first,lot,t,far,color_first,,Find the blue landing pad and land on it.,land,blue_pad,True,True,False,1,53,True,True,0,171,True,blue_pad,target,True,False,,True,True,True,blue_pad,True,True,False,landed,True,False,False,landed,73,34.8,2.5,3.3,2.6,25.6,blue_cone,3.25,0.6,0.01,True,True,True,True,True,True,True,canonical_evaluator_v2,False,True,True,True,1.6031193733215332,DISARMED,,
OFT Gen-v3c,pilot,pilot-21503-blue_cube-color_first,field,t,mid,color_first,,Find the blue cube.,approach,blue_cube,True,True,False,2,24,True,False,1,613,True,blue_cube,target,True,False,,False,False,False,,False,True,True,hovered,True,False,False,model_stop,81,24.5,10.8,10.8,5.4,37.8,blue_pad,,,,,,False,,,,,,,,,,,,,
OFT Gen-v3c,pilot,pilot-21504-blue_cube-shape_first,lot,t,mid,shape_first,,Find the blue cube.,approach,blue_cube,True,True,False,1,28,True,True,0,169,True,blue_cube,target,True,False,,False,False,False,,False,True,True,hovered,True,False,False,model_stop,38,26.7,9.5,9.5,7.0,33.2,red_cube,,,,,,False,,,,,,,,,,,,,
OFT Gen-v3c,pilot,pilot-21505-red_cube-shape_first,lot,t,far,shape_first,,Find the red cube.,approach,red_cube,True,True,False,1,38,True,True,0,481,True,red_cube,target,True,False,,False,False,False,,False,True,True,hovered,True,False,False,model_stop,74,38.3,11.1,11.1,7.0,33.8,blue_cube,,,,,,False,,,,,,,,,,,,,
OFT Gen-v3c,pilot,pilot-21507-blue_pad-lost,field,t,far,lost,,Find the blue landing pad and land on it.,land,blue_pad,True,True,True,2,57,True,True,0,584,True,blue_pad,target,True,False,,True,True,True,blue_pad,True,True,False,landed,True,False,False,landed,101,34.7,2.9,3.6,2.6,41.2,blue_cube,3.56,0.62,0.06,True,True,True,True,True,True,True,canonical_evaluator_v2,False,True,True,True,1.0264639854431152,DISARMED,,
OFT Gen-v3c,pilot,pilot-21508-blue_pad-lost,lot,t,mid,lost,,Find the blue landing pad and land on it.,land,blue_pad,True,True,True,1,79,True,True,0,128,True,blue_pad,target,True,False,,True,True,True,blue_pad,True,False,False,landed,True,False,False,landed,79,30.2,0.8,1.6,2.6,40.6,blue_cone,1.62,0.63,0.01,True,True,True,True,True,True,True,canonical_evaluator_v2,True,False,True,True,1.513500452041626,DISARMED,,
OFT Gen-v3c,pilot,pilot-21500-blue_pad-color_first-swapped,field,u,far,swap,pilot-21500-blue_pad-color_first,Find the blue landing pad and land on it.,land,blue_pad,True,True,True,1,54,True,True,0,23,True,blue_pad,target,True,False,,True,True,True,blue_pad,True,True,False,landed,True,False,False,landed,63,41.5,1.6,2.1,2.6,36.5,blue_cube,2.12,0.63,0.05,True,True,True,True,True,True,True,canonical_evaluator_v2,False,True,True,True,1.4991910457611084,DISARMED,,
OFT Gen-v3c,pilot,pilot-21502-blue_pad-color_first-swapped,lot,u,far,swap,pilot-21502-blue_pad-color_first,Find the blue landing pad and land on it.,land,blue_pad,True,True,True,1,43,True,True,0,26,True,blue_pad,target,True,False,,True,True,True,blue_pad,True,True,False,landed,True,False,False,landed,53,28.8,1.8,2.2,2.5,34.7,blue_cone,2.24,0.61,0.01,True,True,True,True,True,True,True,canonical_evaluator_v2,False,True,True,True,1.0572760105133057,DISARMED,,
OFT Gen-v3c,pilot,pilot-21509-blue_pad-search,field,t,mid,search,,Find the blue landing pad and land on it.,land,blue_pad,True,True,False,1,49,True,True,0,193,True,blue_pad,target,True,False,,True,True,True,blue_pad,True,True,False,landed,True,False,False,landed,60,22.5,1.2,1.8,2.6,40.4,blue_cube,1.77,0.62,0.02,True,True,True,True,True,True,True,canonical_evaluator_v2,False,True,True,True,1.502323865890503,DISARMED,,
OFT Gen-v3c,pilot,pilot-21510-red_pad-search,lot,t,far,search,,Find the red landing pad and land on it.,land,red_pad,True,True,False,1,66,True,True,0,325,True,red_pad,target,True,False,,True,True,True,red_pad,True,True,False,landed,True,False,False,landed,87,35.2,0.8,1.2,2.5,24.0,blue_cylinder,1.21,0.6,0.01,True,True,True,True,True,True,True,canonical_evaluator_v2,False,True,True,True,1.0143721103668213,DISARMED,,
OFT Gen-v3,pilot,pilot-21500-blue_pad-color_first,field,t,far,color_first,,Find the blue landing pad and land on it.,land,blue_pad,True,True,False,1,61,True,True,0,124,True,blue_pad,target,True,False,,True,True,True,blue_pad,True,True,False,landed,True,False,False,landed,68,38.7,0.6,1.7,2.5,35.8,blue_cube,1.68,0.62,0.03,True,True,True,True,True,True,True,canonical_evaluator_v2,False,True,True,True,1.5062575340270996,DISARMED,,
OFT Gen-v3,pilot,pilot-21501-red_pad-color_first,field,t,mid,color_first,,Find the red landing pad and land on it.,land,red_pad,False,False,False,0,0,False,False,,32,False,red_cube,same colour,False,True,red_cube,False,False,False,,False,True,True,hovered,False,False,False,model_stop,44,30.8,30.8,46.2,6.8,4.9,red_cube,,,,,,True,False,False,False,False,canonical_evaluator_v2,False,False,False,False,,FLYING,SEARCH,stopped by itself
OFT Gen-v3,pilot,pilot-21502-blue_pad-color_first,lot,t,far,color_first,,Find the blue landing pad and land on it.,land,blue_pad,False,False,False,0,0,False,False,,45,False,,none,False,True,blue_cone,False,False,False,,False,False,False,neither,False,True,False,collision,38,34.8,34.2,40.1,7.5,1.9,blue_cone,,,,,,True,False,False,False,False,canonical_evaluator_v2,False,False,False,False,,FLYING,COLLISION,collision
OFT Gen-v3,pilot,pilot-21503-blue_cube-color_first,field,t,mid,color_first,,Find the blue cube.,approach,blue_cube,False,False,False,0,0,False,False,,201,False,,none,False,False,,False,False,False,,False,True,True,hovered,True,False,False,model_stop,38,24.5,24.1,24.2,5.2,38.7,blue_pad,,,,,,False,,,,,,,,,,,,SEARCH,stopped by itself
OFT Gen-v3,pilot,pilot-21504-blue_cube-shape_first,lot,t,mid,shape_first,,Find the blue cube.,approach,blue_cube,True,True,False,1,27,True,True,0,171,True,blue_cube,target,True,False,,False,False,False,,False,True,True,hovered,True,False,False,model_stop,38,26.7,9.6,9.6,7.0,32.8,red_cube,,,,,,False,,,,,,,,,,,,,
OFT Gen-v3,pilot,pilot-21505-red_cube-shape_first,lot,t,far,shape_first,,Find the red cube.,approach,red_cube,True,True,False,1,38,True,True,0,484,True,red_cube,target,True,False,,False,False,False,,False,True,True,hovered,True,False,False,model_stop,74,38.3,12.4,12.4,6.9,32.3,blue_cube,,,,,,False,,,,,,,,,,,,,
OFT Gen-v3,pilot,pilot-21507-blue_pad-lost,field,t,far,lost,,Find the blue landing pad and land on it.,land,blue_pad,True,True,True,2,58,True,True,0,575,True,blue_pad,target,True,False,,True,True,True,blue_pad,True,True,False,landed,True,False,False,landed,103,34.7,2.9,3.7,2.6,38.7,blue_cube,3.71,0.59,0.04,True,True,True,True,True,True,True,canonical_evaluator_v2,False,True,True,True,1.5992562770843506,DISARMED,,
OFT Gen-v3,pilot,pilot-21508-blue_pad-lost,lot,t,mid,lost,,Find the blue landing pad and land on it.,land,blue_pad,True,True,True,1,64,True,True,0,130,True,blue_pad,target,True,False,,True,True,True,blue_pad,True,True,False,landed,True,False,False,landed,64,30.2,0.1,1.7,2.6,41.1,blue_cone,1.73,0.61,0.01,True,True,True,True,True,True,True,canonical_evaluator_v2,False,True,True,True,1.5006334781646729,DISARMED,,
OFT Gen-v3,pilot,pilot-21500-blue_pad-color_first-swapped,field,u,far,swap,pilot-21500-blue_pad-color_first,Find the blue landing pad and land on it.,land,blue_pad,True,True,True,1,53,True,True,0,17,True,blue_pad,target,True,False,,True,True,True,blue_pad,True,True,False,landed,True,False,False,landed,63,41.5,1.8,2.3,2.6,36.4,blue_cube,2.31,0.61,0.03,True,True,True,True,True,True,True,canonical_evaluator_v2,False,True,True,True,1.5432615280151367,DISARMED,,
OFT Gen-v3,pilot,pilot-21502-blue_pad-color_first-swapped,lot,u,far,swap,pilot-21502-blue_pad-color_first,Find the blue landing pad and land on it.,land,blue_pad,True,True,True,1,44,True,True,0,28,True,blue_pad,target,True,False,,True,True,True,blue_pad,True,True,False,landed,True,False,False,landed,54,28.8,1.7,2.2,2.5,34.7,blue_cone,2.18,0.62,0.01,True,True,True,True,True,True,True,canonical_evaluator_v2,False,True,True,True,1.5542819499969482,DISARMED,,
OFT Gen-v3,pilot,pilot-21509-blue_pad-search,field,t,mid,search,,Find the blue landing pad and land on it.,land,blue_pad,True,True,False,1,49,True,True,0,194,True,blue_pad,target,True,False,,True,True,True,blue_pad,True,True,False,landed,True,False,False,landed,60,22.5,1.0,1.7,2.6,40.4,blue_cube,1.73,0.63,0.02,True,True,True,True,True,True,True,canonical_evaluator_v2,False,True,True,True,1.5189173221588135,DISARMED,,
OFT Gen-v3,pilot,pilot-21510-red_pad-search,lot,t,far,search,,Find the red landing pad and land on it.,land,red_pad,True,True,False,1,67,True,True,0,328,True,red_pad,target,True,False,,True,True,True,red_pad,True,True,False,landed,True,False,False,landed,90,35.2,0.4,1.9,2.5,23.2,blue_cylinder,1.87,0.61,0.01,True,True,True,True,True,True,True,canonical_evaluator_v2,False,True,True,True,1.5412101745605469,DISARMED,,
Teacher,validation,v3c-22000-blue_pad-near_visible,field,p,near,visible,,Find the blue landing pad and land on it.,land,blue_pad,True,True,True,1,37,True,True,0,1,True,blue_pad,target,True,False,,True,True,True,blue_pad,True,True,False,landed,True,False,False,landed,37,17.0,0.0,0.7,2.6,36.5,red_pad,0.66,0.37,0.02,True,True,True,True,True,True,True,canonical_evaluator_v2,False,True,True,True,1.499587059020996,DISARMED,,
Teacher,validation,v3c-22000-blue_pad-near_visible-approach,field,p,near,approach,v3c-22000-blue_pad-near_visible,Approach the blue landing pad.,approach,blue_pad,True,True,True,1,14,True,True,0,0,True,blue_pad,target,True,False,,False,False,False,,False,True,True,hovered,True,False,False,teacher_stop,14,17.0,10.8,10.8,6.5,36.5,red_pad,,,,,,False,,,,,,,,,,,,,
Teacher,validation,v3c-22001-blue_pad-near_search,lot,p,near,search,,Find the blue landing pad and land on it.,land,blue_pad,True,True,False,1,37,True,True,0,204,True,blue_pad,target,True,False,,True,True,True,blue_pad,True,True,False,landed,True,False,False,landed,49,13.7,0.1,0.6,2.6,41.8,red_pad,0.59,0.36,0.02,True,True,True,True,True,True,True,canonical_evaluator_v2,False,True,True,True,1.4860525131225586,DISARMED,,
Teacher,validation,v3c-22001-blue_pad-near_search-approach,lot,p,near,approach,v3c-22001-blue_pad-near_search,Approach the blue landing pad.,approach,blue_pad,True,True,False,1,15,True,True,0,205,True,blue_pad,target,True,False,,False,False,False,,False,True,True,hovered,True,False,False,teacher_stop,27,13.7,11.5,11.5,6.6,47.9,red_pad,,,,,,False,,,,,,,,,,,,,
Teacher,validation,v3c-22002-blue_pad-near_edge,field,q,near,edge,,Find the blue landing pad and land on it.,land,blue_pad,True,True,True,1,44,True,True,0,37,True,blue_pad,target,True,False,,True,True,True,blue_pad,True,True,False,landed,True,False,False,landed,44,19.1,0.1,0.7,2.6,41.6,blue_cone,0.71,0.36,0.01,True,True,True,True,True,True,True,canonical_evaluator_v2,False,True,True,True,1.5030128955841064,DISARMED,,
Teacher,validation,v3c-22003-blue_pad-near_past_color,field,r,near,past_color,,Find the blue landing pad and land on it.,land,blue_pad,True,True,False,1,37,True,True,0,101,True,blue_pad,target,True,False,,True,True,True,blue_pad,True,True,False,landed,True,False,False,landed,41,13.9,0.1,0.6,2.6,32.4,blue_cube,0.59,0.35,0.02,True,True,True,True,True,True,True,canonical_evaluator_v2,False,True,True,True,1.500917673110962,DISARMED,,
Teacher,validation,v3c-22004-blue_pad-near_past_shape,field,p,near,past_shape,,Find the blue landing pad and land on it.,land,blue_pad,True,True,False,1,43,True,True,0,194,True,blue_pad,target,True,False,,True,True,True,blue_pad,True,True,False,landed,True,False,False,landed,55,19.8,0.1,0.6,2.6,31.2,red_pad,0.62,0.37,0.01,True,True,True,True,True,True,True,canonical_evaluator_v2,False,True,True,True,1.5045201778411865,DISARMED,,
Teacher,validation,v3c-22005-blue_pad-near_pair,lot,r,near,pair,,Find the blue landing pad and land on it.,land,blue_pad,True,True,True,1,29,True,True,0,10,True,blue_pad,target,True,False,,True,True,True,blue_pad,True,True,False,landed,True,False,False,landed,29,14.9,0.9,0.9,2.6,37.7,blue_cone,0.92,0.34,0.06,True,True,True,True,True,True,True,canonical_evaluator_v2,False,True,True,True,1.4988055229187012,DISARMED,,
Teacher,validation,v3c-22005-blue_pad-near_pair-swapped,lot,s,near,swap,v3c-22005-blue_pad-near_pair,Find the blue landing pad and land on it.,land,blue_pad,True,True,False,1,66,True,True,0,97,True,blue_pad,target,True,False,,True,True,True,blue_pad,True,True,False,landed,True,False,False,landed,86,37.7,0.1,0.9,2.6,14.9,blue_cone,0.9,0.36,0.0,True,True,True,True,True,True,True,canonical_evaluator_v2,False,True,True,True,1.5031375885009766,DISARMED,,
Teacher,validation,v3c-22005-blue_pad-near_pair-find-blue_cone,lot,r,near,query,v3c-22005-blue_pad-near_pair,Find the blue cone.,approach,blue_cone,True,True,False,2,37,True,False,1,104,True,blue_cone,target,True,False,,False,False,False,,False,True,True,hovered,True,False,False,teacher_stop,42,37.7,10.7,10.7,5.2,14.9,blue_pad,,,,,,False,,,,,,,,,,,,,
Teacher,validation,v3c-22006-red_pad-near_red_past,field,s,near,red_past,,Find the red landing pad and land on it.,land,red_pad,True,True,False,1,39,True,True,0,134,True,red_pad,target,True,False,,True,True,True,red_pad,True,True,False,landed,True,False,False,landed,45,15.6,0.1,0.6,2.6,26.4,red_cube,0.61,0.35,0.02,True,True,True,True,True,True,True,canonical_evaluator_v2,False,True,True,True,1.5029125213623047,DISARMED,,
Teacher,validation,v3c-22007-red_pad-near_red_visible,lot,s,near,red_visible,,Find the red landing pad and land on it.,land,red_pad,True,True,True,1,41,True,True,0,10,True,red_pad,target,True,False,,True,True,True,red_pad,True,True,False,landed,True,False,False,landed,41,17.7,0.1,0.9,2.6,41.1,green_cylinder,0.89,0.37,0.01,True,True,True,True,True,True,True,canonical_evaluator_v2,False,True,True,True,1.4996354579925537,DISARMED,,
Teacher,validation,v3c-22008-blue_pad-mid_visible,lot,r,mid,visible,,Find the blue landing pad and land on it.,land,blue_pad,True,True,True,1,52,True,True,0,6,True,blue_pad,target,True,False,,True,True,True,blue_pad,True,True,False,landed,True,False,False,landed,52,30.5,0.0,0.6,2.6,41.9,blue_cone,0.59,0.36,0.01,True,True,True,True,True,True,True,canonical_evaluator_v2,False,True,True,True,1.5094878673553467,DISARMED,,
Teacher,validation,v3c-22008-blue_pad-mid_visible-approach,lot,r,mid,approach,v3c-22008-blue_pad-mid_visible,Approach the blue landing pad.,approach,blue_pad,True,True,True,1,27,True,True,0,6,True,blue_pad,target,True,False,,False,False,False,,False,True,True,hovered,True,False,False,teacher_stop,27,30.5,10.7,10.7,7.4,52.6,blue_cone,,,,,,False,,,,,,,,,,,,,
Teacher,validation,v3c-22009-blue_pad-mid_search,field,q,mid,search,,Find the blue landing pad and land on it.,land,blue_pad,True,True,False,1,49,True,True,0,170,True,blue_pad,target,True,False,,True,True,True,blue_pad,True,True,False,landed,True,False,False,landed,67,29.9,0.1,1.1,2.6,41.1,blue_cone,1.06,0.36,0.01,True,True,True,True,True,True,True,canonical_evaluator_v2,False,True,True,True,1.5044867992401123,DISARMED,,
Teacher,validation,v3c-22009-blue_pad-mid_search-approach,field,q,mid,approach,v3c-22009-blue_pad-mid_search,Approach the blue landing pad.,approach,blue_pad,True,True,False,1,29,True,True,0,168,True,blue_pad,target,True,False,,False,False,False,,False,True,True,hovered,True,False,False,teacher_stop,40,29.9,10.4,10.4,8.6,50.8,blue_cone,,,,,,False,,,,,,,,,,,,,
Teacher,validation,v3c-22010-blue_pad-mid_edge,lot,q,mid,edge,,Find the blue landing pad and land on it.,land,blue_pad,True,True,True,1,47,True,True,0,34,True,blue_pad,target,True,False,,True,True,True,blue_pad,True,True,False,landed,True,False,False,landed,51,30.7,0.0,0.4,2.6,41.7,red_pad,0.42,0.37,0.02,True,True,True,True,True,True,True,canonical_evaluator_v2,False,True,True,True,1.500903606414795,DISARMED,,
Teacher,validation,v3c-22011-blue_pad-mid_past_color,lot,r,mid,past_color,,Find the blue landing pad and land on it.,land,blue_pad,True,True,False,1,52,True,True,0,141,True,blue_pad,target,True,False,,True,True,True,blue_pad,True,True,False,landed,True,False,False,landed,59,24.2,0.1,1.0,2.6,22.9,blue_cone,0.99,0.35,0.0,True,True,True,True,True,True,True,canonical_evaluator_v2,False,True,True,True,1.504307508468628,DISARMED,,
Teacher,validation,v3c-22012-blue_pad-mid_past_shape,lot,p,mid,past_shape,,Find the blue landing pad and land on it.,land,blue_pad,True,True,False,1,55,True,True,0,230,True,blue_pad,target,True,False,,True,True,True,blue_pad,True,True,False,landed,True,False,False,landed,70,29.5,0.1,0.7,2.6,16.4,red_pad,0.71,0.36,0.01,True,True,True,True,True,True,True,canonical_evaluator_v2,False,True,True,True,1.5026614665985107,DISARMED,,
Teacher,validation,v3c-22013-blue_pad-mid_pair,field,s,mid,pair,,Find the blue landing pad and land on it.,land,blue_pad,True,True,True,1,43,True,True,0,4,True,blue_pad,target,True,False,,True,True,True,blue_pad,True,True,False,landed,True,False,False,landed,43,25.9,0.0,0.4,2.6,18.5,blue_cube,0.41,0.36,0.03,True,True,True,True,True,True,True,canonical_evaluator_v2,False,True,True,True,1.5080935955047607,DISARMED,,
Teacher,validation,v3c-22013-blue_pad-mid_pair-swapped,field,r,mid,swap,v3c-22013-blue_pad-mid_pair,Find the blue landing pad and land on it.,land,blue_pad,True,True,False,1,38,True,True,0,133,True,blue_pad,target,True,False,,True,True,True,blue_pad,True,True,False,landed,True,False,False,landed,46,18.5,0.0,0.6,2.6,25.9,blue_cube,0.55,0.36,0.03,True,True,True,True,True,True,True,canonical_evaluator_v2,False,True,True,True,1.5029990673065186,DISARMED,,
Teacher,validation,v3c-22013-blue_pad-mid_pair-find-blue_cube,field,s,mid,query,v3c-22013-blue_pad-mid_pair,Find the blue cube.,approach,blue_cube,True,True,False,1,17,True,True,0,132,True,blue_cube,target,True,False,,False,False,False,,False,True,True,hovered,True,False,False,teacher_stop,25,18.5,10.8,10.8,5.8,25.9,blue_pad,,,,,,False,,,,,,,,,,,,,
Teacher,validation,v3c-22014-red_pad-mid_red_past,lot,r,mid,red_past,,Find the red landing pad and land on it.,land,red_pad,True,True,False,1,47,True,True,0,120,True,red_pad,target,True,False,,True,True,True,red_pad,True,True,False,landed,True,False,False,landed,53,28.0,0.2,0.2,2.6,31.7,red_cube,0.24,0.35,0.03,True,True,True,True,True,True,True,canonical_evaluator_v2,False,True,True,True,1.5041420459747314,DISARMED,,
Teacher,validation,v3c-22015-red_pad-mid_red_visible,field,r,mid,red_visible,,Find the red landing pad and land on it.,land,red_pad,True,True,True,1,47,True,True,0,9,True,red_pad,target,True,False,,True,True,True,red_pad,True,True,False,landed,True,False,False,landed,47,31.3,0.4,0.4,2.6,30.4,red_cube,0.44,0.36,0.03,True,True,True,True,True,True,True,canonical_evaluator_v2,False,True,True,True,1.4918360710144043,DISARMED,,
Teacher,validation,v3c-22016-blue_pad-far_visible,field,s,far,visible,,Find the blue landing pad and land on it.,land,blue_pad,True,True,True,1,57,True,True,0,2,True,blue_pad,target,True,False,,True,True,True,blue_pad,True,True,False,landed,True,False,False,landed,57,32.6,0.0,1.1,2.6,42.1,blue_cube,1.08,0.35,0.0,True,True,True,True,True,True,True,canonical_evaluator_v2,False,True,True,True,1.4939179420471191,DISARMED,,
Teacher,validation,v3c-22016-blue_pad-far_visible-approach,field,s,far,approach,v3c-22016-blue_pad-far_visible,Approach the blue landing pad.,approach,blue_pad,True,True,True,1,29,True,True,0,1,True,blue_pad,target,True,False,,False,False,False,,False,True,True,hovered,True,False,False,teacher_stop,29,32.6,10.6,10.6,8.6,47.2,blue_cube,,,,,,False,,,,,,,,,,,,,
Teacher,validation,v3c-22017-blue_pad-far_search,lot,s,far,search,,Find the blue landing pad and land on it.,land,blue_pad,True,True,False,1,56,True,True,0,136,True,blue_pad,target,True,False,,True,True,True,blue_pad,True,True,False,landed,True,False,False,landed,64,33.2,0.0,0.8,2.6,41.7,blue_cone,0.76,0.36,0.01,True,True,True,True,True,True,True,canonical_evaluator_v2,False,True,True,True,1.4962129592895508,DISARMED,,
Teacher,validation,v3c-22017-blue_pad-far_search-approach,lot,s,far,approach,v3c-22017-blue_pad-far_search,Approach the blue landing pad.,approach,blue_pad,True,True,False,1,32,True,True,0,133,True,blue_pad,target,True,False,,False,False,False,,False,True,True,hovered,True,False,False,teacher_stop,40,33.2,10.5,10.5,7.3,52.1,blue_cone,,,,,,False,,,,,,,,,,,,,
Teacher,validation,v3c-22018-blue_pad-far_edge,field,r,far,edge,,Find the blue landing pad and land on it.,land,blue_pad,True,True,True,1,57,True,True,0,35,True,blue_pad,target,True,False,,True,True,True,blue_pad,True,True,False,landed,True,False,False,landed,57,36.7,0.0,0.4,2.6,42.2,blue_cube,0.43,0.36,0.03,True,True,True,True,True,True,True,canonical_evaluator_v2,False,True,True,True,1.5091912746429443,DISARMED,,
Teacher,validation,v3c-22019-blue_pad-far_past_color,field,p,far,past_color,,Find the blue landing pad and land on it.,land,blue_pad,True,True,False,1,59,True,True,0,73,True,blue_pad,target,True,False,,True,True,True,blue_pad,True,True,False,landed,True,False,False,landed,61,36.3,0.0,0.6,2.6,42.0,blue_cone,0.65,0.36,0.02,True,True,True,True,True,True,True,canonical_evaluator_v2,False,True,True,True,1.499746561050415,DISARMED,,
Teacher,validation,v3c-22020-blue_pad-far_past_shape,lot,q,far,past_shape,,Find the blue landing pad and land on it.,land,blue_pad,True,True,False,1,51,True,True,0,220,True,blue_pad,target,True,False,,True,True,True,blue_pad,True,True,False,landed,True,False,False,landed,72,33.1,0.0,0.7,2.6,32.0,red_pad,0.74,0.35,0.01,True,True,True,True,True,True,True,canonical_evaluator_v2,False,True,True,True,1.5139579772949219,DISARMED,,
Teacher,validation,v3c-22026-blue_pad-far_pair,lot,q,far,pair,,Find the blue landing pad and land on it.,land,blue_pad,True,True,True,1,56,True,True,0,12,True,blue_pad,target,True,False,,True,True,True,blue_pad,True,True,False,landed,True,False,False,landed,56,41.2,0.6,0.6,2.6,29.5,red_pad,0.59,0.36,0.06,True,True,True,True,True,True,True,canonical_evaluator_v2,False,True,True,True,1.5107691287994385,DISARMED,,
Teacher,validation,v3c-22026-blue_pad-far_pair-swapped,lot,p,far,swap,v3c-22026-blue_pad-far_pair,Find the blue landing pad and land on it.,land,blue_pad,True,True,False,1,48,True,True,0,73,True,blue_pad,target,True,False,,True,True,True,blue_pad,True,True,False,landed,True,False,False,landed,50,31.6,0.8,0.8,2.6,38.5,red_pad,0.83,0.36,0.06,True,True,True,True,True,True,True,canonical_evaluator_v2,False,True,True,True,1.501749038696289,DISARMED,,
Teacher,validation,v3c-22026-blue_pad-far_pair-find-red_pad,lot,q,far,query,v3c-22026-blue_pad-far_pair,Find the red landing pad.,approach,red_pad,True,True,False,1,30,True,True,0,71,True,red_pad,target,True,False,,False,False,False,,False,True,True,hovered,True,False,False,teacher_stop,32,31.6,10.8,10.8,5.0,38.5,blue_pad,,,,,,False,,,,,,,,,,,,,
Teacher,validation,v3c-22027-red_pad-far_red_past,lot,p,far,red_past,,Find the red landing pad and land on it.,land,red_pad,True,True,False,1,60,True,True,0,77,True,red_pad,target,True,False,,True,True,True,red_pad,True,True,False,landed,True,False,False,landed,63,38.0,0.1,0.7,2.6,39.3,blue_pad,0.72,0.36,0.01,True,True,True,True,True,True,True,canonical_evaluator_v2,False,True,True,True,1.5081546306610107,DISARMED,,
Teacher,validation,v3c-22028-red_pad-far_red_visible,field,p,far,red_visible,,Find the red landing pad and land on it.,land,red_pad,True,True,True,1,52,True,True,0,10,True,red_pad,target,True,False,,True,True,True,red_pad,True,True,False,landed,True,False,False,landed,52,36.4,0.6,0.6,2.6,51.6,blue_pad,0.62,0.36,0.04,True,True,True,True,True,True,True,canonical_evaluator_v2,False,True,True,True,1.5081729888916016,DISARMED,,
Teacher,pilot,pilot-21500-blue_pad-color_first,field,t,far,color_first,,Find the blue landing pad and land on it.,land,blue_pad,True,True,False,1,60,True,True,0,72,True,blue_pad,target,True,False,,True,True,True,blue_pad,True,True,False,landed,True,False,False,landed,63,38.7,0.1,0.5,2.6,37.0,blue_cube,0.53,0.34,0.03,True,True,True,True,True,True,True,canonical_evaluator_v2,False,True,True,True,1.511721134185791,DISARMED,,
Teacher,pilot,pilot-21501-red_pad-color_first,field,t,mid,color_first,,Find the red landing pad and land on it.,land,red_pad,True,True,False,1,53,True,True,0,251,True,red_pad,target,True,False,,True,True,True,red_pad,True,True,False,landed,True,False,False,landed,70,30.8,0.1,0.6,2.6,36.4,red_cube,0.63,0.35,0.02,True,True,True,True,True,True,True,canonical_evaluator_v2,False,True,True,True,1.4954488277435303,DISARMED,,
Teacher,pilot,pilot-21502-blue_pad-color_first,lot,t,far,color_first,,Find the blue landing pad and land on it.,land,blue_pad,True,True,False,1,53,True,True,0,98,True,blue_pad,target,True,False,,True,True,True,blue_pad,True,True,False,landed,True,False,False,landed,63,34.8,0.1,0.6,2.6,28.5,blue_cone,0.64,0.36,0.01,True,True,True,True,True,True,True,canonical_evaluator_v2,False,True,True,True,1.5072803497314453,DISARMED,,
Teacher,pilot,pilot-21503-blue_cube-color_first,field,t,mid,color_first,,Find the blue cube.,approach,blue_cube,True,True,False,1,23,True,True,0,262,True,blue_cube,target,True,False,,False,False,False,,False,True,True,hovered,True,False,False,teacher_stop,41,24.5,10.9,10.9,5.3,39.4,blue_pad,,,,,,False,,,,,,,,,,,,,
Teacher,pilot,pilot-21504-blue_cube-shape_first,lot,t,mid,shape_first,,Find the blue cube.,approach,blue_cube,True,True,False,1,26,True,True,0,102,True,blue_cube,target,True,False,,False,False,False,,False,True,True,hovered,True,False,False,teacher_stop,31,26.7,10.5,10.5,7.0,33.3,red_cube,,,,,,False,,,,,,,,,,,,,
Teacher,pilot,pilot-21505-red_cube-shape_first,lot,t,far,shape_first,,Find the red cube.,approach,red_cube,True,True,False,1,37,True,True,0,256,True,red_cube,target,True,False,,False,False,False,,False,True,True,hovered,True,False,False,teacher_stop,55,38.3,10.7,10.7,6.9,33.8,blue_cube,,,,,,False,,,,,,,,,,,,,
Teacher,pilot,pilot-21507-blue_pad-lost,field,t,far,lost,,Find the blue landing pad and land on it.,land,blue_pad,True,True,True,2,60,True,True,0,317,True,blue_pad,target,True,False,,True,True,True,blue_pad,True,True,False,landed,True,False,False,landed,78,34.7,0.0,0.4,2.6,39.9,blue_cube,0.37,0.34,0.03,True,True,True,True,True,True,True,canonical_evaluator_v2,False,True,True,True,1.4961326122283936,DISARMED,,
Teacher,pilot,pilot-21508-blue_pad-lost,lot,t,mid,lost,,Find the blue landing pad and land on it.,land,blue_pad,True,True,True,2,61,True,True,0,160,True,blue_pad,target,True,False,,True,True,True,blue_pad,True,True,False,landed,True,False,False,landed,65,30.2,0.0,0.8,2.6,40.9,blue_cone,0.83,0.36,0.01,True,True,True,True,True,True,True,canonical_evaluator_v2,False,True,True,True,1.5099704265594482,DISARMED,,
Teacher,pilot,pilot-21500-blue_pad-color_first-swapped,field,u,far,swap,pilot-21500-blue_pad-color_first,Find the blue landing pad and land on it.,land,blue_pad,True,True,True,1,60,True,True,0,17,True,blue_pad,target,True,False,,True,True,True,blue_pad,True,True,False,landed,True,False,False,landed,60,41.5,0.1,0.4,2.6,34.5,blue_cube,0.37,0.35,0.03,True,True,True,True,True,True,True,canonical_evaluator_v2,False,True,True,True,1.5097112655639648,DISARMED,,
Teacher,pilot,pilot-21502-blue_pad-color_first-swapped,lot,u,far,swap,pilot-21502-blue_pad-color_first,Find the blue landing pad and land on it.,land,blue_pad,True,True,True,1,52,True,True,0,35,True,blue_pad,target,True,False,,True,True,True,blue_pad,True,True,False,landed,True,False,False,landed,52,28.8,0.0,0.8,2.6,34.5,blue_cone,0.78,0.36,0.01,True,True,True,True,True,True,True,canonical_evaluator_v2,False,True,True,True,1.502075433731079,DISARMED,,
Teacher,pilot,pilot-21509-blue_pad-search,field,t,mid,search,,Find the blue landing pad and land on it.,land,blue_pad,True,True,False,1,47,True,True,0,117,True,blue_pad,target,True,False,,True,True,True,blue_pad,True,True,False,landed,True,False,False,landed,53,22.5,0.1,0.8,2.6,41.3,blue_cube,0.77,0.36,0.01,True,True,True,True,True,True,True,canonical_evaluator_v2,False,True,True,True,1.5092127323150635,DISARMED,,
Teacher,pilot,pilot-21510-red_pad-search,lot,t,far,search,,Find the red landing pad and land on it.,land,red_pad,True,True,False,1,63,True,True,0,182,True,red_pad,target,True,False,,True,True,True,red_pad,True,True,False,landed,True,False,False,landed,74,35.2,0.1,1.1,2.6,24.0,blue_cylinder,1.1,0.36,0.0,True,True,True,True,True,True,True,canonical_evaluator_v2,False,True,True,True,1.5019311904907227,DISARMED,,
